,COD_DEPTO,DEPTO,mean_value,std_value,ssp,period,model,crop
0,01,Atlántida,45.47747747747748,20.544325556118874,historical,1981_2010,ensemble,banana
0,06,Choluteca,41.623655913978496,20.98740737572707,historical,1981_2010,ensemble,banana
0,02,Colon,37.97549019607843,12.004263427881874,historical,1981_2010,ensemble,banana
0,03,Comayagua,37.28,17.001517579322147,historical,1981_2010,ensemble,banana
0,04,Copán,30.707482993197278,9.425837182438855,historical,1981_2010,ensemble,banana
0,05,Cortés,42.2578125,15.61562023151318,historical,1981_2010,ensemble,banana
0,07,El Paraíso,42.657575757575756,15.296692657050437,historical,1981_2010,ensemble,banana
0,08,Francisco Morazán,32.485788113695094,15.437853393594997,historical,1981_2010,ensemble,banana
0,09,Gracias a Dios,48.83388704318937,25.65110233506256,historical,1981_2010,ensemble,banana
0,10,Intibucá,26.453125,15.51202123304294,historical,1981_2010,ensemble,banana
0,12,La Paz,28.988636363636363,13.819036867983156,historical,1981_2010,ensemble,banana
0,13,Lempira,29.849162011173185,14.141133664206274,historical,1981_2010,ensemble,banana
0,14,Ocotepeque,17.98181818181818,8.280296237763718,historical,1981_2010,ensemble,banana
0,15,Olancho,35.75725593667546,12.694052327833642,historical,1981_2010,ensemble,banana
0,16,Santa Bárbara,35.32,6.231447129947693,historical,1981_2010,ensemble,banana
0,17,Valle,48.55555555555556,21.54123235467332,historical,1981_2010,ensemble,banana
0,18,Yoro,35.411764705882355,11.935875533432403,historical,1981_2010,ensemble,banana
0,01,Atlántida,73.62135922330097,5.456120647625386,historical,1981_2010,ensemble,beans
0,06,Choluteca,55.037837837837834,18.999393323903952,historical,1981_2010,ensemble,beans
0,02,Colon,76.94818652849742,8.792802598735893,historical,1981_2010,ensemble,beans
0,03,Comayagua,70.73333333333333,10.220174451151301,historical,1981_2010,ensemble,beans
0,04,Copán,75.45454545454545,8.727199883145879,historical,1981_2010,ensemble,beans
0,05,Cortés,73.152,13.43610419727385,historical,1981_2010,ensemble,beans
0,07,El Paraíso,71.4601226993865,9.966967158608133,historical,1981_2010,ensemble,beans
0,08,Francisco Morazán,61.638020833333336,9.848948349082724,historical,1981_2010,ensemble,beans
0,09,Gracias a Dios,74.225,18.77563247936005,historical,1981_2010,ensemble,beans
0,10,Intibucá,54.86614173228347,9.99004402402508,historical,1981_2010,ensemble,beans
0,12,La Paz,57.74418604651163,4.600773561123774,historical,1981_2010,ensemble,beans
0,13,Lempira,60.67045454545455,7.8887457104597765,historical,1981_2010,ensemble,beans
0,14,Ocotepeque,62.888888888888886,7.357703613841469,historical,1981_2010,ensemble,beans
0,15,Olancho,74.44591029023746,13.560345062287722,historical,1981_2010,ensemble,beans
0,16,Santa Bárbara,65.57777777777778,20.56565517651957,historical,1981_2010,ensemble,beans
0,17,Valle,55.111111111111114,19.15609324181843,historical,1981_2010,ensemble,beans
0,18,Yoro,73.76160990712074,11.405642507089652,historical,1981_2010,ensemble,beans
0,01,Atlántida,40.94736842105263,18.44424605054481,historical,1981_2010,ensemble,cassava
0,06,Choluteca,46.959537572254334,21.14397613869706,historical,1981_2010,ensemble,cassava
0,02,Colon,35.76635514018692,13.574012718958096,historical,1981_2010,ensemble,cassava
0,03,Comayagua,29.22,13.99577078977789,historical,1981_2010,ensemble,cassava
0,04,Copán,21.095238095238095,7.066576818835831,historical,1981_2010,ensemble,cassava
0,05,Cortés,34.75524475524475,17.290693071653802,historical,1981_2010,ensemble,cassava
0,07,El Paraíso,31.157575757575756,11.343641398759692,historical,1981_2010,ensemble,cassava
0,08,Francisco Morazán,24.454780361757106,12.176136131861776,historical,1981_2010,ensemble,cassava
0,09,Gracias a Dios,43.49337748344371,22.03710648208016,historical,1981_2010,ensemble,cassava
0,10,Intibucá,24.58267716535433,14.655326593331012,historical,1981_2010,ensemble,cassava
0,12,La Paz,26.261363636363637,15.220720265914592,historical,1981_2010,ensemble,cassava
0,13,Lempira,26.977272727272727,15.163111092929741,historical,1981_2010,ensemble,cassava
0,14,Ocotepeque,14.10909090909091,5.065651630963285,historical,1981_2010,ensemble,cassava
0,15,Olancho,31.49208443271768,13.075660307950546,historical,1981_2010,ensemble,cassava
0,16,Santa Bárbara,28.226666666666667,7.914386338252076,historical,1981_2010,ensemble,cassava
0,17,Valle,58.310344827586206,17.759122858651555,historical,1981_2010,ensemble,cassava
0,18,Yoro,29.978395061728396,11.875751927517104,historical,1981_2010,ensemble,cassava
0,01,Atlántida,33.31531531531532,19.775761842015285,historical,1981_2010,ensemble,coffeearabica
0,06,Choluteca,33.98924731182796,19.01866351243041,historical,1981_2010,ensemble,coffeearabica
0,02,Colon,22.30666666666667,11.532724454062594,historical,1981_2010,ensemble,coffeearabica
0,03,Comayagua,40.82142857142857,18.35127060050778,historical,1981_2010,ensemble,coffeearabica
0,04,Copán,35.15384615384615,15.791166731611764,historical,1981_2010,ensemble,coffeearabica
0,05,Cortés,27.60839160839161,17.681737631376183,historical,1981_2010,ensemble,coffeearabica
0,07,El Paraíso,36.73252279635258,14.895018853449535,historical,1981_2010,ensemble,coffeearabica
0,08,Francisco Morazán,39.60206718346253,18.180882592734147,historical,1981_2010,ensemble,coffeearabica
0,09,Gracias a Dios,1.900662251655629,5.520887450122437,historical,1981_2010,ensemble,coffeearabica
0,10,Intibucá,38.0,17.23867381790142,historical,1981_2010,ensemble,coffeearabica
0,12,La Paz,40.52272727272727,20.790063881535986,historical,1981_2010,ensemble,coffeearabica
0,13,Lempira,42.943820224719104,21.488360868656628,historical,1981_2010,ensemble,coffeearabica
0,14,Ocotepeque,38.981818181818184,20.020435840402413,historical,1981_2010,ensemble,coffeearabica
0,15,Olancho,32.24142480211082,13.49781665434521,historical,1981_2010,ensemble,coffeearabica
0,16,Santa Bárbara,28.45777777777778,7.196866259047564,historical,1981_2010,ensemble,coffeearabica
0,17,Valle,38.77777777777778,19.613280603053365,historical,1981_2010,ensemble,coffeearabica
0,18,Yoro,34.18827160493827,13.819774192838521,historical,1981_2010,ensemble,coffeearabica
0,01,Atlántida,67.20560747663552,13.642798461628646,historical,1981_2010,ensemble,maize
0,06,Choluteca,73.1271676300578,14.557679242436185,historical,1981_2010,ensemble,maize
0,02,Colon,71.6321243523316,9.18629324428677,historical,1981_2010,ensemble,maize
0,03,Comayagua,70.16326530612245,13.113860775523612,historical,1981_2010,ensemble,maize
0,04,Copán,70.0204081632653,12.891208514963205,historical,1981_2010,ensemble,maize
0,05,Cortés,71.496,15.743252014752226,historical,1981_2010,ensemble,maize
0,07,El Paraíso,66.87272727272727,9.255408663677711,historical,1981_2010,ensemble,maize
0,08,Francisco Morazán,69.26614987080103,10.81457368736994,historical,1981_2010,ensemble,maize
0,09,Gracias a Dios,77.33333333333333,16.306554010694708,historical,1981_2010,ensemble,maize
0,10,Intibucá,56.94488188976378,25.014108487236694,historical,1981_2010,ensemble,maize
0,12,La Paz,65.77011494252874,16.38523385528981,historical,1981_2010,ensemble,maize
0,13,Lempira,70.5,12.703793277457077,historical,1981_2010,ensemble,maize
0,14,Ocotepeque,65.2,10.00254513066095,historical,1981_2010,ensemble,maize
0,15,Olancho,64.65435356200528,16.420008413431386,historical,1981_2010,ensemble,maize
0,16,Santa Bárbara,59.791111111111114,27.45187159960114,historical,1981_2010,ensemble,maize
0,17,Valle,76.53448275862068,11.183755949870083,historical,1981_2010,ensemble,maize
0,18,Yoro,64.41795665634675,13.971064286975949,historical,1981_2010,ensemble,maize
0,01,Atlántida,44.70796460176991,21.34200288181961,ssp126,2021_2050,ensemble,banana
0,06,Choluteca,43.47849462365591,21.251744264718177,ssp126,2021_2050,ensemble,banana
0,02,Colon,39.84183673469388,9.396074120147395,ssp126,2021_2050,ensemble,banana
0,03,Comayagua,43.125,16.535397636585582,ssp126,2021_2050,ensemble,banana
0,04,Copán,37.63945578231292,11.210991677710972,ssp126,2021_2050,ensemble,banana
0,05,Cortés,42.00763358778626,16.937918157180057,ssp126,2021_2050,ensemble,banana
0,07,El Paraíso,46.11212121212121,15.777510991161332,ssp126,2021_2050,ensemble,banana
0,08,Francisco Morazán,40.17571059431525,15.664114230439417,ssp126,2021_2050,ensemble,banana
0,09,Gracias a Dios,48.67109634551495,25.490955893274062,ssp126,2021_2050,ensemble,banana
0,10,Intibucá,33.6796875,13.716398485110577,ssp126,2021_2050,ensemble,banana
0,12,La Paz,36.45454545454545,12.51899383383386,ssp126,2021_2050,ensemble,banana
0,13,Lempira,37.960893854748605,13.121845459054265,ssp126,2021_2050,ensemble,banana
0,14,Ocotepeque,29.145454545454545,12.089692351628507,ssp126,2021_2050,ensemble,banana
0,15,Olancho,39.00923482849604,11.820275465462732,ssp126,2021_2050,ensemble,banana
0,16,Santa Bárbara,38.95111111111111,5.429328676415087,ssp126,2021_2050,ensemble,banana
0,17,Valle,49.80952380952381,22.01864804382877,ssp126,2021_2050,ensemble,banana
0,18,Yoro,40.755417956656345,11.97904233091567,ssp126,2021_2050,ensemble,banana
0,01,Atlántida,73.62135922330097,5.456120647625386,ssp126,2021_2050,ensemble,beans
0,06,Choluteca,53.0,18.646686695796195,ssp126,2021_2050,ensemble,beans
0,02,Colon,68.99532710280374,24.20579556452742,ssp126,2021_2050,ensemble,beans
0,03,Comayagua,70.73333333333333,10.220174451151301,ssp126,2021_2050,ensemble,beans
0,04,Copán,75.45454545454545,8.727199883145879,ssp126,2021_2050,ensemble,beans
0,05,Cortés,73.152,13.43610419727385,ssp126,2021_2050,ensemble,beans
0,07,El Paraíso,71.41104294478528,10.0185288839308,ssp126,2021_2050,ensemble,beans
0,08,Francisco Morazán,61.580729166666664,9.87124102979539,ssp126,2021_2050,ensemble,beans
0,09,Gracias a Dios,66.0728476821192,25.39909247420512,ssp126,2021_2050,ensemble,beans
0,10,Intibucá,54.2578125,11.001595121383252,ssp126,2021_2050,ensemble,beans
0,12,La Paz,57.74418604651163,4.600773561123774,ssp126,2021_2050,ensemble,beans
0,13,Lempira,60.67045454545455,7.8887457104597765,ssp126,2021_2050,ensemble,beans
0,14,Ocotepeque,62.888888888888886,7.357703613841469,ssp126,2021_2050,ensemble,beans
0,15,Olancho,73.97493403693932,13.436380130506876,ssp126,2021_2050,ensemble,beans
0,16,Santa Bárbara,65.57777777777778,20.56565517651957,ssp126,2021_2050,ensemble,beans
0,17,Valle,52.476190476190474,18.167524787821254,ssp126,2021_2050,ensemble,beans
0,18,Yoro,73.86996904024768,11.38688326652018,ssp126,2021_2050,ensemble,beans
0,01,Atlántida,41.578947368421055,18.335515693158786,ssp126,2021_2050,ensemble,cassava
0,06,Choluteca,48.630057803468205,19.606287138884337,ssp126,2021_2050,ensemble,cassava
0,02,Colon,34.513513513513516,14.801305557746632,ssp126,2021_2050,ensemble,cassava
0,03,Comayagua,41.19897959183673,18.037268645314814,ssp126,2021_2050,ensemble,cassava
0,04,Copán,29.387755102040817,8.766392985763375,ssp126,2021_2050,ensemble,cassava
0,05,Cortés,36.13986013986014,17.573263782816188,ssp126,2021_2050,ensemble,cassava
0,07,El Paraíso,43.61515151515152,14.607192524982056,ssp126,2021_2050,ensemble,cassava
0,08,Francisco Morazán,33.46770025839793,15.789666120912646,ssp126,2021_2050,ensemble,cassava
0,09,Gracias a Dios,42.54635761589404,21.53042287670157,ssp126,2021_2050,ensemble,cassava
0,10,Intibucá,30.614173228346456,14.717843497939311,ssp126,2021_2050,ensemble,cassava
0,12,La Paz,32.58620689655172,15.939938796330338,ssp126,2021_2050,ensemble,cassava
0,13,Lempira,32.11363636363637,13.462010367716104,ssp126,2021_2050,ensemble,cassava
0,14,Ocotepeque,19.6,6.929777643028539,ssp126,2021_2050,ensemble,cassava
0,15,Olancho,37.85620052770449,12.88979704595499,ssp126,2021_2050,ensemble,cassava
0,16,Santa Bárbara,35.973333333333336,5.482027200062238,ssp126,2021_2050,ensemble,cassava
0,17,Valle,59.10344827586207,17.765415506241155,ssp126,2021_2050,ensemble,cassava
0,18,Yoro,35.114197530864196,11.473906883483851,ssp126,2021_2050,ensemble,cassava
0,01,Atlántida,29.945945945945947,18.261779038602338,ssp126,2021_2050,ensemble,coffeearabica
0,06,Choluteca,29.365591397849464,15.431280162253145,ssp126,2021_2050,ensemble,coffeearabica
0,02,Colon,19.364444444444445,10.1971925451307,ssp126,2021_2050,ensemble,coffeearabica
0,03,Comayagua,40.24747474747475,18.4194771936596,ssp126,2021_2050,ensemble,coffeearabica
0,04,Copán,35.26573426573427,15.790565940225262,ssp126,2021_2050,ensemble,coffeearabica
0,05,Cortés,24.692307692307693,16.108127110568148,ssp126,2021_2050,ensemble,coffeearabica
0,07,El Paraíso,37.01823708206687,15.131228459833345,ssp126,2021_2050,ensemble,coffeearabica
0,08,Francisco Morazán,40.15544041450777,18.22887545773747,ssp126,2021_2050,ensemble,coffeearabica
0,09,Gracias a Dios,1.1986754966887416,4.358929128393031,ssp126,2021_2050,ensemble,coffeearabica
0,10,Intibucá,37.8671875,17.427694865926583,ssp126,2021_2050,ensemble,coffeearabica
0,12,La Paz,40.90909090909091,20.91249972213028,ssp126,2021_2050,ensemble,coffeearabica
0,13,Lempira,42.391061452513966,22.225938053027274,ssp126,2021_2050,ensemble,coffeearabica
0,14,Ocotepeque,40.14545454545455,20.58279792078652,ssp126,2021_2050,ensemble,coffeearabica
0,15,Olancho,31.25197889182058,13.397163880529744,ssp126,2021_2050,ensemble,coffeearabica
0,16,Santa Bárbara,28.017777777777777,7.2877153526827865,ssp126,2021_2050,ensemble,coffeearabica
0,17,Valle,31.92063492063492,16.27082459281671,ssp126,2021_2050,ensemble,coffeearabica
0,18,Yoro,33.05555555555556,13.916084485494022,ssp126,2021_2050,ensemble,coffeearabica
0,01,Atlántida,69.51923076923077,7.508944370690876,ssp126,2021_2050,ensemble,maize
0,06,Choluteca,73.41040462427746,14.561780141065913,ssp126,2021_2050,ensemble,maize
0,02,Colon,71.72020725388602,9.154089997788736,ssp126,2021_2050,ensemble,maize
0,03,Comayagua,71.6734693877551,13.137246869503798,ssp126,2021_2050,ensemble,maize
0,04,Copán,73.73103448275862,10.387827871858615,ssp126,2021_2050,ensemble,maize
0,05,Cortés,71.6,15.704776343520464,ssp126,2021_2050,ensemble,maize
0,07,El Paraíso,67.78419452887537,8.382874025941394,ssp126,2021_2050,ensemble,maize
0,08,Francisco Morazán,71.78552971576228,10.52095226705768,ssp126,2021_2050,ensemble,maize
0,09,Gracias a Dios,77.33333333333333,16.306554010694708,ssp126,2021_2050,ensemble,maize
0,10,Intibucá,59.71653543307087,24.691449518717175,ssp126,2021_2050,ensemble,maize
0,12,La Paz,68.48275862068965,16.48605266945053,ssp126,2021_2050,ensemble,maize
0,13,Lempira,73.46022727272727,11.999934088575875,ssp126,2021_2050,ensemble,maize
0,14,Ocotepeque,70.94545454545455,10.38253460352473,ssp126,2021_2050,ensemble,maize
0,15,Olancho,65.37203166226912,16.637255419810405,ssp126,2021_2050,ensemble,maize
0,16,Santa Bárbara,60.60888888888889,27.930038168587696,ssp126,2021_2050,ensemble,maize
0,17,Valle,76.60344827586206,11.146268364534436,ssp126,2021_2050,ensemble,maize
0,18,Yoro,65.6470588235294,14.05845433923319,ssp126,2021_2050,ensemble,maize
0,01,Atlántida,45.945454545454545,20.302635907521672,ssp126,2031_2060,ensemble,banana
0,06,Choluteca,43.494623655913976,21.273752648277306,ssp126,2031_2060,ensemble,banana
0,02,Colon,39.755102040816325,9.378178345031637,ssp126,2031_2060,ensemble,banana
0,03,Comayagua,43.45,16.301150266162203,ssp126,2031_2060,ensemble,banana
0,04,Copán,38.476190476190474,11.336734183622433,ssp126,2031_2060,ensemble,banana
0,05,Cortés,42.091603053435115,16.98515309540937,ssp126,2031_2060,ensemble,banana
0,07,El Paraíso,46.03333333333333,15.697966798797914,ssp126,2031_2060,ensemble,banana
0,08,Francisco Morazán,41.036175710594314,15.552153945725806,ssp126,2031_2060,ensemble,banana
0,09,Gracias a Dios,48.67774086378738,25.499510832633877,ssp126,2031_2060,ensemble,banana
0,10,Intibucá,34.7109375,13.439768613004233,ssp126,2031_2060,ensemble,banana
0,12,La Paz,37.5,12.519984025548915,ssp126,2031_2060,ensemble,banana
0,13,Lempira,39.25698324022346,13.297241863577952,ssp126,2031_2060,ensemble,banana
0,14,Ocotepeque,30.6,12.312004489337005,ssp126,2031_2060,ensemble,banana
0,15,Olancho,39.105540897097626,11.674880953907206,ssp126,2031_2060,ensemble,banana
0,16,Santa Bárbara,39.2,5.43241300999023,ssp126,2031_2060,ensemble,banana
0,17,Valle,49.857142857142854,22.030179259051458,ssp126,2031_2060,ensemble,banana
0,18,Yoro,41.356037151702786,12.03581545412186,ssp126,2031_2060,ensemble,banana
0,01,Atlántida,73.62135922330097,5.456120647625386,ssp126,2031_2060,ensemble,beans
0,06,Choluteca,52.973118279569896,18.628638143824062,ssp126,2031_2060,ensemble,beans
0,02,Colon,68.8411214953271,24.144870213375615,ssp126,2031_2060,ensemble,beans
0,03,Comayagua,70.73333333333333,10.220174451151301,ssp126,2031_2060,ensemble,beans
0,04,Copán,75.45454545454545,8.727199883145879,ssp126,2031_2060,ensemble,beans
0,05,Cortés,73.152,13.43610419727385,ssp126,2031_2060,ensemble,beans
0,07,El Paraíso,71.37423312883436,10.043821706564605,ssp126,2031_2060,ensemble,beans
0,08,Francisco Morazán,61.5703125,9.875540803031688,ssp126,2031_2060,ensemble,beans
0,09,Gracias a Dios,65.45364238410596,25.15257093184278,ssp126,2031_2060,ensemble,beans
0,10,Intibucá,54.25,10.999289749797484,ssp126,2031_2060,ensemble,beans
0,12,La Paz,57.74418604651163,4.600773561123774,ssp126,2031_2060,ensemble,beans
0,13,Lempira,60.67045454545455,7.8887457104597765,ssp126,2031_2060,ensemble,beans
0,14,Ocotepeque,62.888888888888886,7.357703613841469,ssp126,2031_2060,ensemble,beans
0,15,Olancho,73.78364116094987,13.409646684717886,ssp126,2031_2060,ensemble,beans
0,16,Santa Bárbara,65.57777777777778,20.56565517651957,ssp126,2031_2060,ensemble,beans
0,17,Valle,52.285714285714285,18.041775659126248,ssp126,2031_2060,ensemble,beans
0,18,Yoro,73.85448916408669,11.359337751418934,ssp126,2031_2060,ensemble,beans
0,01,Atlántida,41.6140350877193,18.342984113120945,ssp126,2031_2060,ensemble,cassava
0,06,Choluteca,48.641618497109825,19.596180521267037,ssp126,2031_2060,ensemble,cassava
0,02,Colon,34.626126126126124,14.841803705929864,ssp126,2031_2060,ensemble,cassava
0,03,Comayagua,42.08163265306123,18.126074053687137,ssp126,2031_2060,ensemble,cassava
0,04,Copán,30.93877551020408,9.208266391085575,ssp126,2031_2060,ensemble,cassava
0,05,Cortés,36.28671328671329,17.651094927357303,ssp126,2031_2060,ensemble,cassava
0,07,El Paraíso,44.945454545454545,14.843733315200135,ssp126,2031_2060,ensemble,cassava
0,08,Francisco Morazán,34.82945736434109,16.291018132657324,ssp126,2031_2060,ensemble,cassava
0,09,Gracias a Dios,42.59271523178808,21.543649205841092,ssp126,2031_2060,ensemble,cassava
0,10,Intibucá,31.46456692913386,15.019040553349546,ssp126,2031_2060,ensemble,cassava
0,12,La Paz,33.47126436781609,15.813452065171157,ssp126,2031_2060,ensemble,cassava
0,13,Lempira,32.97727272727273,13.430779839884131,ssp126,2031_2060,ensemble,cassava
0,14,Ocotepeque,20.345454545454544,7.266906761772681,ssp126,2031_2060,ensemble,cassava
0,15,Olancho,38.50263852242744,12.719393639971301,ssp126,2031_2060,ensemble,cassava
0,16,Santa Bárbara,36.82222222222222,5.426228028500456,ssp126,2031_2060,ensemble,cassava
0,17,Valle,59.06896551724138,17.770434637501342,ssp126,2031_2060,ensemble,cassava
0,18,Yoro,35.92901234567901,11.241919908186048,ssp126,2031_2060,ensemble,cassava
0,01,Atlántida,29.53153153153153,17.91965040472007,ssp126,2031_2060,ensemble,coffeearabica
0,06,Choluteca,28.602150537634408,15.054481549692325,ssp126,2031_2060,ensemble,coffeearabica
0,02,Colon,18.933333333333334,10.046558282980959,ssp126,2031_2060,ensemble,coffeearabica
0,03,Comayagua,39.85427135678392,18.527553007587876,ssp126,2031_2060,ensemble,coffeearabica
0,04,Copán,35.26573426573427,15.790565940225262,ssp126,2031_2060,ensemble,coffeearabica
0,05,Cortés,24.3986013986014,15.929977835769575,ssp126,2031_2060,ensemble,coffeearabica
0,07,El Paraíso,36.88753799392097,15.079811874070945,ssp126,2031_2060,ensemble,coffeearabica
0,08,Francisco Morazán,40.07253886010363,18.162619537843906,ssp126,2031_2060,ensemble,coffeearabica
0,09,Gracias a Dios,1.304635761589404,4.449858063788123,ssp126,2031_2060,ensemble,coffeearabica
0,10,Intibucá,37.625,17.41003661684834,ssp126,2031_2060,ensemble,coffeearabica
0,12,La Paz,40.60227272727273,20.782170993386305,ssp126,2031_2060,ensemble,coffeearabica
0,13,Lempira,42.33519553072626,22.179043945240206,ssp126,2031_2060,ensemble,coffeearabica
0,14,Ocotepeque,40.14545454545455,20.58279792078652,ssp126,2031_2060,ensemble,coffeearabica
0,15,Olancho,30.972295514511874,13.343958848052878,ssp126,2031_2060,ensemble,coffeearabica
0,16,Santa Bárbara,27.906666666666666,7.28622444525741,ssp126,2031_2060,ensemble,coffeearabica
0,17,Valle,30.11111111111111,15.711800348591613,ssp126,2031_2060,ensemble,coffeearabica
0,18,Yoro,32.94444444444444,13.906322391960275,ssp126,2031_2060,ensemble,coffeearabica
0,01,Atlántida,69.53846153846153,7.513990895096801,ssp126,2031_2060,ensemble,maize
0,06,Choluteca,73.4393063583815,14.563516995029945,ssp126,2031_2060,ensemble,maize
0,02,Colon,71.72020725388602,9.154089997788736,ssp126,2031_2060,ensemble,maize
0,03,Comayagua,71.81122448979592,13.088789272620815,ssp126,2031_2060,ensemble,maize
0,04,Copán,74.31944444444444,8.434924732735533,ssp126,2031_2060,ensemble,maize
0,05,Cortés,71.6,15.704776343520464,ssp126,2031_2060,ensemble,maize
0,07,El Paraíso,67.77811550151975,8.360931441183272,ssp126,2031_2060,ensemble,maize
0,08,Francisco Morazán,71.79069767441861,10.459228892336869,ssp126,2031_2060,ensemble,maize
0,09,Gracias a Dios,77.33333333333333,16.306554010694708,ssp126,2031_2060,ensemble,maize
0,10,Intibucá,59.89763779527559,24.77865306999749,ssp126,2031_2060,ensemble,maize
0,12,La Paz,68.75862068965517,16.43864630528854,ssp126,2031_2060,ensemble,maize
0,13,Lempira,73.7784090909091,11.991559047017164,ssp126,2031_2060,ensemble,maize
0,14,Ocotepeque,71.74545454545455,10.467643968340434,ssp126,2031_2060,ensemble,maize
0,15,Olancho,65.17810026385224,16.601052056196107,ssp126,2031_2060,ensemble,maize
0,16,Santa Bárbara,60.63111111111111,27.940125047220548,ssp126,2031_2060,ensemble,maize
0,17,Valle,76.56896551724138,11.146535056125362,ssp126,2031_2060,ensemble,maize
0,18,Yoro,65.89164086687306,14.090508786585083,ssp126,2031_2060,ensemble,maize
0,01,Atlántida,46.0,20.311214994319137,ssp126,2041_2070,ensemble,banana
0,06,Choluteca,43.89784946236559,21.4447350657884,ssp126,2041_2070,ensemble,banana
0,02,Colon,39.32828282828283,10.141837942370264,ssp126,2041_2070,ensemble,banana
0,03,Comayagua,43.54,16.332433988845633,ssp126,2041_2070,ensemble,banana
0,04,Copán,38.72108843537415,11.531549336833512,ssp126,2041_2070,ensemble,banana
0,05,Cortés,43.76984126984127,15.076083602852618,ssp126,2041_2070,ensemble,banana
0,07,El Paraíso,46.163636363636364,15.702650194807749,ssp126,2041_2070,ensemble,banana
0,08,Francisco Morazán,41.56847545219638,15.550778323327862,ssp126,2041_2070,ensemble,banana
0,09,Gracias a Dios,48.68770764119601,25.51129282342429,ssp126,2041_2070,ensemble,banana
0,10,Intibucá,35.2109375,13.225007291910797,ssp126,2041_2070,ensemble,banana
0,12,La Paz,37.98863636363637,12.637870863348686,ssp126,2041_2070,ensemble,banana
0,13,Lempira,39.687150837988824,13.274177992609657,ssp126,2041_2070,ensemble,banana
0,14,Ocotepeque,31.21818181818182,12.637161518302653,ssp126,2041_2070,ensemble,banana
0,15,Olancho,39.17282321899736,11.546416602418747,ssp126,2041_2070,ensemble,banana
0,16,Santa Bárbara,39.346666666666664,5.4524041588194025,ssp126,2041_2070,ensemble,banana
0,17,Valle,50.20634920634921,21.992176624960333,ssp126,2041_2070,ensemble,banana
0,18,Yoro,41.43962848297214,12.001492780656175,ssp126,2041_2070,ensemble,banana
0,01,Atlántida,73.62135922330097,5.456120647625386,ssp126,2041_2070,ensemble,beans
0,06,Choluteca,52.973118279569896,18.628638143824062,ssp126,2041_2070,ensemble,beans
0,02,Colon,68.83644859813084,24.143193899867725,ssp126,2041_2070,ensemble,beans
0,03,Comayagua,70.73333333333333,10.220174451151301,ssp126,2041_2070,ensemble,beans
0,04,Copán,75.45454545454545,8.727199883145879,ssp126,2041_2070,ensemble,beans
0,05,Cortés,73.152,13.43610419727385,ssp126,2041_2070,ensemble,beans
0,07,El Paraíso,71.40184049079754,10.014461766133733,ssp126,2041_2070,ensemble,beans
0,08,Francisco Morazán,62.36052631578947,7.55116022711896,ssp126,2041_2070,ensemble,beans
0,09,Gracias a Dios,65.37748344370861,25.125049298980805,ssp126,2041_2070,ensemble,beans
0,10,Intibucá,54.1640625,10.981360161477891,ssp126,2041_2070,ensemble,beans
0,12,La Paz,57.74418604651163,4.600773561123774,ssp126,2041_2070,ensemble,beans
0,13,Lempira,60.67045454545455,7.8887457104597765,ssp126,2041_2070,ensemble,beans
0,14,Ocotepeque,62.888888888888886,7.357703613841469,ssp126,2041_2070,ensemble,beans
0,15,Olancho,73.7269129287599,13.4045275980537,ssp126,2041_2070,ensemble,beans
0,16,Santa Bárbara,65.57777777777778,20.56565517651957,ssp126,2041_2070,ensemble,beans
0,17,Valle,52.285714285714285,18.041775659126248,ssp126,2041_2070,ensemble,beans
0,18,Yoro,73.84829721362229,11.368247366419762,ssp126,2041_2070,ensemble,beans
0,01,Atlántida,41.64035087719298,18.341366912740238,ssp126,2041_2070,ensemble,cassava
0,06,Choluteca,48.97687861271676,19.398156684141163,ssp126,2041_2070,ensemble,cassava
0,02,Colon,34.96818181818182,14.543786125903841,ssp126,2041_2070,ensemble,cassava
0,03,Comayagua,42.83673469387755,18.21425427311069,ssp126,2041_2070,ensemble,cassava
0,04,Copán,31.836734693877553,9.225844220594334,ssp126,2041_2070,ensemble,cassava
0,05,Cortés,36.30769230769231,17.67271642570455,ssp126,2041_2070,ensemble,cassava
0,07,El Paraíso,45.50606060606061,14.878751157147798,ssp126,2041_2070,ensemble,cassava
0,08,Francisco Morazán,35.576227390180875,16.40338571057814,ssp126,2041_2070,ensemble,cassava
0,09,Gracias a Dios,42.82119205298013,21.681800618242214,ssp126,2041_2070,ensemble,cassava
0,10,Intibucá,31.755905511811022,14.896872015077248,ssp126,2041_2070,ensemble,cassava
0,12,La Paz,33.758620689655174,15.773515936342623,ssp126,2041_2070,ensemble,cassava
0,13,Lempira,33.48295454545455,13.364205258067239,ssp126,2041_2070,ensemble,cassava
0,14,Ocotepeque,20.472727272727273,7.417067652514939,ssp126,2041_2070,ensemble,cassava
0,15,Olancho,38.9155672823219,12.596152420987744,ssp126,2041_2070,ensemble,cassava
0,16,Santa Bárbara,37.19111111111111,5.374334986136413,ssp126,2041_2070,ensemble,cassava
0,17,Valle,59.206896551724135,17.711051119228333,ssp126,2041_2070,ensemble,cassava
0,18,Yoro,36.30864197530864,11.19759892175814,ssp126,2041_2070,ensemble,cassava
0,01,Atlántida,28.74561403508772,18.305310994022285,ssp126,2041_2070,ensemble,coffeearabica
0,06,Choluteca,28.387096774193548,14.931047437898831,ssp126,2041_2070,ensemble,coffeearabica
0,02,Colon,18.724444444444444,9.951642087962849,ssp126,2041_2070,ensemble,coffeearabica
0,03,Comayagua,39.74874371859296,18.5758579457789,ssp126,2041_2070,ensemble,coffeearabica
0,04,Copán,35.3006993006993,15.77775497206529,ssp126,2041_2070,ensemble,coffeearabica
0,05,Cortés,24.013986013986013,15.733793310701026,ssp126,2041_2070,ensemble,coffeearabica
0,07,El Paraíso,36.88753799392097,15.092102134098617,ssp126,2041_2070,ensemble,coffeearabica
0,08,Francisco Morazán,40.101036269430054,18.187784118856396,ssp126,2041_2070,ensemble,coffeearabica
0,09,Gracias a Dios,1.5596026490066226,4.620149918842003,ssp126,2041_2070,ensemble,coffeearabica
0,10,Intibucá,37.6171875,17.536177379629912,ssp126,2041_2070,ensemble,coffeearabica
0,12,La Paz,40.59090909090909,20.766360671460706,ssp126,2041_2070,ensemble,coffeearabica
0,13,Lempira,42.07821229050279,22.230245769484704,ssp126,2041_2070,ensemble,coffeearabica
0,14,Ocotepeque,40.14545454545455,20.58279792078652,ssp126,2041_2070,ensemble,coffeearabica
0,15,Olancho,30.734828496042216,13.310167346276675,ssp126,2041_2070,ensemble,coffeearabica
0,16,Santa Bárbara,27.955555555555556,7.255819290765648,ssp126,2041_2070,ensemble,coffeearabica
0,17,Valle,29.904761904761905,15.575432716569708,ssp126,2041_2070,ensemble,coffeearabica
0,18,Yoro,32.73148148148148,14.037168351775112,ssp126,2041_2070,ensemble,coffeearabica
0,01,Atlántida,69.53846153846153,7.513990895096801,ssp126,2041_2070,ensemble,maize
0,06,Choluteca,73.58381502890174,14.574114887426711,ssp126,2041_2070,ensemble,maize
0,02,Colon,71.72020725388602,9.154089997788736,ssp126,2041_2070,ensemble,maize
0,03,Comayagua,71.82142857142857,13.085423811498448,ssp126,2041_2070,ensemble,maize
0,04,Copán,74.36805555555556,8.452273303491408,ssp126,2041_2070,ensemble,maize
0,05,Cortés,71.6,15.704776343520464,ssp126,2041_2070,ensemble,maize
0,07,El Paraíso,67.77203647416414,8.366582597656661,ssp126,2041_2070,ensemble,maize
0,08,Francisco Morazán,71.90439276485787,10.475942975236777,ssp126,2041_2070,ensemble,maize
0,09,Gracias a Dios,77.33333333333333,16.306554010694708,ssp126,2041_2070,ensemble,maize
0,10,Intibucá,59.976377952755904,24.8175910963505,ssp126,2041_2070,ensemble,maize
0,12,La Paz,68.89655172413794,16.498717806509053,ssp126,2041_2070,ensemble,maize
0,13,Lempira,73.86363636363636,12.014841029271992,ssp126,2041_2070,ensemble,maize
0,14,Ocotepeque,71.94545454545455,10.417499581025243,ssp126,2041_2070,ensemble,maize
0,15,Olancho,65.07651715039577,16.570452531677795,ssp126,2041_2070,ensemble,maize
0,16,Santa Bárbara,60.635555555555555,27.942966958952944,ssp126,2041_2070,ensemble,maize
0,17,Valle,76.67241379310344,11.131483668243037,ssp126,2041_2070,ensemble,maize
0,18,Yoro,65.86996904024768,14.072846600959945,ssp126,2041_2070,ensemble,maize
0,01,Atlántida,46.0,20.311214994319137,ssp126,2051_2080,ensemble,banana
0,06,Choluteca,43.75806451612903,21.32645801129821,ssp126,2051_2080,ensemble,banana
0,02,Colon,39.63959390862944,9.790550496417813,ssp126,2051_2080,ensemble,banana
0,03,Comayagua,43.59,16.259824722302515,ssp126,2051_2080,ensemble,banana
0,04,Copán,38.7687074829932,11.582926696064625,ssp126,2051_2080,ensemble,banana
0,05,Cortés,43.76984126984127,15.076083602852618,ssp126,2051_2080,ensemble,banana
0,07,El Paraíso,46.00606060606061,15.632133559840465,ssp126,2051_2080,ensemble,banana
0,08,Francisco Morazán,41.52454780361757,15.49814665887886,ssp126,2051_2080,ensemble,banana
0,09,Gracias a Dios,48.74418604651163,25.54283109506009,ssp126,2051_2080,ensemble,banana
0,10,Intibucá,35.421875,13.055536047377565,ssp126,2051_2080,ensemble,banana
0,12,La Paz,37.90909090909091,12.599275198883072,ssp126,2051_2080,ensemble,banana
0,13,Lempira,39.625698324022345,13.227261882739684,ssp126,2051_2080,ensemble,banana
0,14,Ocotepeque,32.21818181818182,12.906222472605867,ssp126,2051_2080,ensemble,banana
0,15,Olancho,39.196569920844325,11.540665229256303,ssp126,2051_2080,ensemble,banana
0,16,Santa Bárbara,39.413333333333334,5.439182945177622,ssp126,2051_2080,ensemble,banana
0,17,Valle,50.12698412698413,21.98592050445738,ssp126,2051_2080,ensemble,banana
0,18,Yoro,41.529411764705884,11.978369383622788,ssp126,2051_2080,ensemble,banana
0,01,Atlántida,73.62135922330097,5.456120647625386,ssp126,2051_2080,ensemble,beans
0,06,Choluteca,52.973118279569896,18.628638143824062,ssp126,2051_2080,ensemble,beans
0,02,Colon,68.78504672897196,24.12255625602144,ssp126,2051_2080,ensemble,beans
0,03,Comayagua,70.73333333333333,10.220174451151301,ssp126,2051_2080,ensemble,beans
0,04,Copán,75.45454545454545,8.727199883145879,ssp126,2051_2080,ensemble,beans
0,05,Cortés,73.152,13.43610419727385,ssp126,2051_2080,ensemble,beans
0,07,El Paraíso,71.3957055214724,10.0223605811607,ssp126,2051_2080,ensemble,beans
0,08,Francisco Morazán,62.35263157894737,7.555191203895756,ssp126,2051_2080,ensemble,beans
0,09,Gracias a Dios,65.37748344370861,25.125049298980805,ssp126,2051_2080,ensemble,beans
0,10,Intibucá,54.1640625,10.981360161477891,ssp126,2051_2080,ensemble,beans
0,12,La Paz,57.74418604651163,4.600773561123774,ssp126,2051_2080,ensemble,beans
0,13,Lempira,60.67045454545455,7.8887457104597765,ssp126,2051_2080,ensemble,beans
0,14,Ocotepeque,62.888888888888886,7.357703613841469,ssp126,2051_2080,ensemble,beans
0,15,Olancho,73.69656992084433,13.41248439234605,ssp126,2051_2080,ensemble,beans
0,16,Santa Bárbara,65.57777777777778,20.56565517651957,ssp126,2051_2080,ensemble,beans
0,17,Valle,52.285714285714285,18.041775659126248,ssp126,2051_2080,ensemble,beans
0,18,Yoro,73.85448916408669,11.359337751418934,ssp126,2051_2080,ensemble,beans
0,01,Atlántida,41.64912280701754,18.34799212502573,ssp126,2051_2080,ensemble,cassava
0,06,Choluteca,49.0,19.37431706795651,ssp126,2051_2080,ensemble,cassava
0,02,Colon,34.705882352941174,14.65684130609771,ssp126,2051_2080,ensemble,cassava
0,03,Comayagua,42.92857142857143,18.252620723208658,ssp126,2051_2080,ensemble,cassava
0,04,Copán,32.265306122448976,9.26798786446923,ssp126,2051_2080,ensemble,cassava
0,05,Cortés,36.31468531468531,17.671208292681936,ssp126,2051_2080,ensemble,cassava
0,07,El Paraíso,45.557575757575755,14.91444348361946,ssp126,2051_2080,ensemble,cassava
0,08,Francisco Morazán,35.82170542635659,16.681287979881777,ssp126,2051_2080,ensemble,cassava
0,09,Gracias a Dios,42.973509933774835,21.793111196600286,ssp126,2051_2080,ensemble,cassava
0,10,Intibucá,32.00787401574803,14.75708614676973,ssp126,2051_2080,ensemble,cassava
0,12,La Paz,33.804597701149426,15.751547328086858,ssp126,2051_2080,ensemble,cassava
0,13,Lempira,33.65909090909091,13.29121921662805,ssp126,2051_2080,ensemble,cassava
0,14,Ocotepeque,21.12727272727273,7.417557906026498,ssp126,2051_2080,ensemble,cassava
0,15,Olancho,38.96042216358839,12.64383278414789,ssp126,2051_2080,ensemble,cassava
0,16,Santa Bárbara,37.31111111111111,5.286554106503371,ssp126,2051_2080,ensemble,cassava
0,17,Valle,59.206896551724135,17.711051119228333,ssp126,2051_2080,ensemble,cassava
0,18,Yoro,36.44135802469136,11.133572547118098,ssp126,2051_2080,ensemble,cassava
0,01,Atlántida,29.149122807017545,18.2786580835628,ssp126,2051_2080,ensemble,coffeearabica
0,06,Choluteca,28.150537634408604,14.723944536763984,ssp126,2051_2080,ensemble,coffeearabica
0,02,Colon,18.73777777777778,9.954904740632214,ssp126,2051_2080,ensemble,coffeearabica
0,03,Comayagua,39.50753768844221,18.461931318455647,ssp126,2051_2080,ensemble,coffeearabica
0,04,Copán,35.43356643356643,15.726490697487918,ssp126,2051_2080,ensemble,coffeearabica
0,05,Cortés,24.076923076923077,15.698682374479144,ssp126,2051_2080,ensemble,coffeearabica
0,07,El Paraíso,36.85410334346505,15.098158763776114,ssp126,2051_2080,ensemble,coffeearabica
0,08,Francisco Morazán,40.04663212435233,18.16113545428864,ssp126,2051_2080,ensemble,coffeearabica
0,09,Gracias a Dios,1.7516556291390728,4.842682119092093,ssp126,2051_2080,ensemble,coffeearabica
0,10,Intibucá,37.5625,17.447129957388405,ssp126,2051_2080,ensemble,coffeearabica
0,12,La Paz,40.47727272727273,20.6656155313423,ssp126,2051_2080,ensemble,coffeearabica
0,13,Lempira,41.93296089385475,22.280235940839503,ssp126,2051_2080,ensemble,coffeearabica
0,14,Ocotepeque,40.236363636363635,20.53552455125121,ssp126,2051_2080,ensemble,coffeearabica
0,15,Olancho,30.682058047493403,13.277750150631453,ssp126,2051_2080,ensemble,coffeearabica
0,16,Santa Bárbara,28.057777777777776,7.188338979482718,ssp126,2051_2080,ensemble,coffeearabica
0,17,Valle,29.047619047619047,15.268422202483398,ssp126,2051_2080,ensemble,coffeearabica
0,18,Yoro,32.68827160493827,14.050780417684415,ssp126,2051_2080,ensemble,coffeearabica
0,01,Atlántida,69.53846153846153,7.513990895096801,ssp126,2051_2080,ensemble,maize
0,06,Choluteca,73.58959537572254,14.57527030488823,ssp126,2051_2080,ensemble,maize
0,02,Colon,71.72538860103627,9.157925188649791,ssp126,2051_2080,ensemble,maize
0,03,Comayagua,71.8061224489796,13.079551077662014,ssp126,2051_2080,ensemble,maize
0,04,Copán,74.54166666666667,8.441691345801372,ssp126,2051_2080,ensemble,maize
0,05,Cortés,71.6,15.704776343520464,ssp126,2051_2080,ensemble,maize
0,07,El Paraíso,67.61094224924013,8.37462526637986,ssp126,2051_2080,ensemble,maize
0,08,Francisco Morazán,71.89147286821705,10.450750978847102,ssp126,2051_2080,ensemble,maize
0,09,Gracias a Dios,77.33333333333333,16.306554010694708,ssp126,2051_2080,ensemble,maize
0,10,Intibucá,60.118110236220474,24.628136451835125,ssp126,2051_2080,ensemble,maize
0,12,La Paz,68.95402298850574,16.467947304180466,ssp126,2051_2080,ensemble,maize
0,13,Lempira,73.9715909090909,12.002570263220862,ssp126,2051_2080,ensemble,maize
0,14,Ocotepeque,72.0,10.458576298034938,ssp126,2051_2080,ensemble,maize
0,15,Olancho,65.02902374670185,16.567100368326734,ssp126,2051_2080,ensemble,maize
0,16,Santa Bárbara,60.635555555555555,27.942966958952944,ssp126,2051_2080,ensemble,maize
0,17,Valle,76.67241379310344,11.131483668243037,ssp126,2051_2080,ensemble,maize
0,18,Yoro,65.85758513931889,14.071406674860718,ssp126,2051_2080,ensemble,maize
0,01,Atlántida,45.38392857142857,21.02687291459019,ssp245,2021_2050,ensemble,banana
0,06,Choluteca,42.596774193548384,21.052770111771967,ssp245,2021_2050,ensemble,banana
0,02,Colon,39.64467005076142,9.790476804458821,ssp245,2021_2050,ensemble,banana
0,03,Comayagua,43.18,16.177997403881605,ssp245,2021_2050,ensemble,banana
0,04,Copán,37.68027210884354,11.299862376236055,ssp245,2021_2050,ensemble,banana
0,05,Cortés,44.096,14.587350136333876,ssp245,2021_2050,ensemble,banana
0,07,El Paraíso,45.1030303030303,15.618801506973359,ssp245,2021_2050,ensemble,banana
0,08,Francisco Morazán,39.90439276485788,15.444111337945683,ssp245,2021_2050,ensemble,banana
0,09,Gracias a Dios,48.67774086378738,25.499510832633877,ssp245,2021_2050,ensemble,banana
0,10,Intibucá,34.078125,13.232068866370632,ssp245,2021_2050,ensemble,banana
0,12,La Paz,36.56818181818182,12.576850536660107,ssp245,2021_2050,ensemble,banana
0,13,Lempira,38.312849162011176,13.139662429217282,ssp245,2021_2050,ensemble,banana
0,14,Ocotepeque,29.254545454545454,12.14341300207001,ssp245,2021_2050,ensemble,banana
0,15,Olancho,38.922163588390504,11.757017084611908,ssp245,2021_2050,ensemble,banana
0,16,Santa Bárbara,39.0,5.449566751382882,ssp245,2021_2050,ensemble,banana
0,17,Valle,49.142857142857146,21.69621219436163,ssp245,2021_2050,ensemble,banana
0,18,Yoro,41.26934984520124,11.963252113254422,ssp245,2021_2050,ensemble,banana
0,01,Atlántida,73.62135922330097,5.456120647625386,ssp245,2021_2050,ensemble,beans
0,06,Choluteca,52.973118279569896,18.628638143824062,ssp245,2021_2050,ensemble,beans
0,02,Colon,68.93457943925233,24.181661016068063,ssp245,2021_2050,ensemble,beans
0,03,Comayagua,70.73333333333333,10.220174451151301,ssp245,2021_2050,ensemble,beans
0,04,Copán,75.45454545454545,8.727199883145879,ssp245,2021_2050,ensemble,beans
0,05,Cortés,73.152,13.43610419727385,ssp245,2021_2050,ensemble,beans
0,07,El Paraíso,71.24846625766871,10.039931658581356,ssp245,2021_2050,ensemble,beans
0,08,Francisco Morazán,61.494791666666664,9.8694590972993,ssp245,2021_2050,ensemble,beans
0,09,Gracias a Dios,65.91059602649007,25.322462484270147,ssp245,2021_2050,ensemble,beans
0,10,Intibucá,54.2578125,11.001595121383252,ssp245,2021_2050,ensemble,beans
0,12,La Paz,57.74418604651163,4.600773561123774,ssp245,2021_2050,ensemble,beans
0,13,Lempira,60.67045454545455,7.8887457104597765,ssp245,2021_2050,ensemble,beans
0,14,Ocotepeque,62.888888888888886,7.357703613841469,ssp245,2021_2050,ensemble,beans
0,15,Olancho,73.90501319261213,13.433072689685318,ssp245,2021_2050,ensemble,beans
0,16,Santa Bárbara,65.57777777777778,20.56565517651957,ssp245,2021_2050,ensemble,beans
0,17,Valle,52.38095238095238,18.080445081110856,ssp245,2021_2050,ensemble,beans
0,18,Yoro,73.85448916408669,11.359337751418934,ssp245,2021_2050,ensemble,beans
0,01,Atlántida,41.58771929824562,18.34217238444933,ssp245,2021_2050,ensemble,cassava
0,06,Choluteca,48.433526011560694,19.664304909333623,ssp245,2021_2050,ensemble,cassava
0,02,Colon,34.665158371040725,14.649636957411891,ssp245,2021_2050,ensemble,cassava
0,03,Comayagua,41.826530612244895,18.100640145520664,ssp245,2021_2050,ensemble,cassava
0,04,Copán,29.625850340136054,8.99448877694304,ssp245,2021_2050,ensemble,cassava
0,05,Cortés,36.50349650349651,17.783418900044595,ssp245,2021_2050,ensemble,cassava
0,07,El Paraíso,43.342424242424244,14.52816554569257,ssp245,2021_2050,ensemble,cassava
0,08,Francisco Morazán,33.69767441860465,15.891072031246521,ssp245,2021_2050,ensemble,cassava
0,09,Gracias a Dios,42.61920529801324,21.568864655963157,ssp245,2021_2050,ensemble,cassava
0,10,Intibucá,31.251968503937007,14.984489883538718,ssp245,2021_2050,ensemble,cassava
0,12,La Paz,32.804597701149426,15.911276331373548,ssp245,2021_2050,ensemble,cassava
0,13,Lempira,32.43181818181818,13.466115265011602,ssp245,2021_2050,ensemble,cassava
0,14,Ocotepeque,19.618181818181817,6.93997880293045,ssp245,2021_2050,ensemble,cassava
0,15,Olancho,37.761213720316626,12.847993985458036,ssp245,2021_2050,ensemble,cassava
0,16,Santa Bárbara,36.67111111111111,5.489246951883786,ssp245,2021_2050,ensemble,cassava
0,17,Valle,58.827586206896555,17.713367182222118,ssp245,2021_2050,ensemble,cassava
0,18,Yoro,35.891975308641975,11.26164954254675,ssp245,2021_2050,ensemble,cassava
0,01,Atlántida,31.216216216216218,18.160151111311905,ssp245,2021_2050,ensemble,coffeearabica
0,06,Choluteca,28.78494623655914,15.270922162947032,ssp245,2021_2050,ensemble,coffeearabica
0,02,Colon,19.351111111111113,10.168199277316013,ssp245,2021_2050,ensemble,coffeearabica
0,03,Comayagua,39.80904522613066,18.483286449732883,ssp245,2021_2050,ensemble,coffeearabica
0,04,Copán,35.53146853146853,15.643226911128844,ssp245,2021_2050,ensemble,coffeearabica
0,05,Cortés,24.342657342657343,15.84236371389778,ssp245,2021_2050,ensemble,coffeearabica
0,07,El Paraíso,36.72036474164134,14.899080320470755,ssp245,2021_2050,ensemble,coffeearabica
0,08,Francisco Morazán,39.582901554404145,17.968008931121382,ssp245,2021_2050,ensemble,coffeearabica
0,09,Gracias a Dios,1.314569536423841,4.4577174296102235,ssp245,2021_2050,ensemble,coffeearabica
0,10,Intibucá,37.8515625,17.40020197608619,ssp245,2021_2050,ensemble,coffeearabica
0,12,La Paz,40.46590909090909,20.719966689840483,ssp245,2021_2050,ensemble,coffeearabica
0,13,Lempira,42.08379888268156,22.149535351667026,ssp245,2021_2050,ensemble,coffeearabica
0,14,Ocotepeque,40.14545454545455,20.58279792078652,ssp245,2021_2050,ensemble,coffeearabica
0,15,Olancho,31.176781002638524,13.347808776602125,ssp245,2021_2050,ensemble,coffeearabica
0,16,Santa Bárbara,28.284444444444443,7.092968523061116,ssp245,2021_2050,ensemble,coffeearabica
0,17,Valle,30.952380952380953,15.945769774336549,ssp245,2021_2050,ensemble,coffeearabica
0,18,Yoro,32.94135802469136,14.020034805004824,ssp245,2021_2050,ensemble,coffeearabica
0,01,Atlántida,69.51923076923077,7.508944370690876,ssp245,2021_2050,ensemble,maize
0,06,Choluteca,73.21965317919076,14.545454602407515,ssp245,2021_2050,ensemble,maize
0,02,Colon,71.72538860103627,9.157925188649791,ssp245,2021_2050,ensemble,maize
0,03,Comayagua,71.77551020408163,13.08569136947845,ssp245,2021_2050,ensemble,maize
0,04,Copán,73.75172413793103,10.395974708068342,ssp245,2021_2050,ensemble,maize
0,05,Cortés,71.6,15.704776343520464,ssp245,2021_2050,ensemble,maize
0,07,El Paraíso,67.58662613981762,8.302374720710075,ssp245,2021_2050,ensemble,maize
0,08,Francisco Morazán,71.63049095607235,10.431784094641003,ssp245,2021_2050,ensemble,maize
0,09,Gracias a Dios,77.33333333333333,16.306554010694708,ssp245,2021_2050,ensemble,maize
0,10,Intibucá,59.818897637795274,24.737811704325342,ssp245,2021_2050,ensemble,maize
0,12,La Paz,68.5632183908046,16.402761997182473,ssp245,2021_2050,ensemble,maize
0,13,Lempira,73.6875,11.994272425734179,ssp245,2021_2050,ensemble,maize
0,14,Ocotepeque,71.25454545454545,10.457217049949383,ssp245,2021_2050,ensemble,maize
0,15,Olancho,65.25725593667546,16.625902284414764,ssp245,2021_2050,ensemble,maize
0,16,Santa Bárbara,60.63111111111111,27.940125047220548,ssp245,2021_2050,ensemble,maize
0,17,Valle,75.93103448275862,11.105857524011306,ssp245,2021_2050,ensemble,maize
0,18,Yoro,65.86068111455108,14.079905828623078,ssp245,2021_2050,ensemble,maize
0,01,Atlántida,46.163636363636364,20.36017827780818,ssp245,2031_2060,ensemble,banana
0,06,Choluteca,42.17741935483871,20.980424204288234,ssp245,2031_2060,ensemble,banana
0,02,Colon,37.410628019323674,12.730596985435984,ssp245,2031_2060,ensemble,banana
0,03,Comayagua,43.555,15.900533796071125,ssp245,2031_2060,ensemble,banana
0,04,Copán,38.97278911564626,11.674115549089231,ssp245,2031_2060,ensemble,banana
0,05,Cortés,43.936,14.614920595063115,ssp245,2031_2060,ensemble,banana
0,07,El Paraíso,44.54545454545455,15.59077215241567,ssp245,2031_2060,ensemble,banana
0,08,Francisco Morazán,40.80361757105943,15.401355265661616,ssp245,2031_2060,ensemble,banana
0,09,Gracias a Dios,48.920265780730894,25.637783992296857,ssp245,2031_2060,ensemble,banana
0,10,Intibucá,36.046875,12.548567756296931,ssp245,2031_2060,ensemble,banana
0,12,La Paz,38.56818181818182,12.547904075749656,ssp245,2031_2060,ensemble,banana
0,13,Lempira,39.960893854748605,13.347677021961085,ssp245,2031_2060,ensemble,banana
0,14,Ocotepeque,32.43636363636364,12.892229705402379,ssp245,2031_2060,ensemble,banana
0,15,Olancho,38.93931398416886,11.359977449626886,ssp245,2031_2060,ensemble,banana
0,16,Santa Bárbara,39.617777777777775,5.327133433403367,ssp245,2031_2060,ensemble,banana
0,17,Valle,48.53968253968254,21.589845788450187,ssp245,2031_2060,ensemble,banana
0,18,Yoro,41.8359133126935,12.111236678689016,ssp245,2031_2060,ensemble,banana
0,01,Atlántida,72.91346153846153,9.00545836287325,ssp245,2031_2060,ensemble,beans
0,06,Choluteca,52.53225806451613,18.456037047624694,ssp245,2031_2060,ensemble,beans
0,02,Colon,68.38139534883722,24.48414062692518,ssp245,2031_2060,ensemble,beans
0,03,Comayagua,70.73333333333333,10.220174451151301,ssp245,2031_2060,ensemble,beans
0,04,Copán,75.45454545454545,8.727199883145879,ssp245,2031_2060,ensemble,beans
0,05,Cortés,73.152,13.43610419727385,ssp245,2031_2060,ensemble,beans
0,07,El Paraíso,70.31306990881458,12.197806594320062,ssp245,2031_2060,ensemble,beans
0,08,Francisco Morazán,61.375,9.911062842433534,ssp245,2031_2060,ensemble,beans
0,09,Gracias a Dios,65.04304635761589,24.989695916076755,ssp245,2031_2060,ensemble,beans
0,10,Intibucá,54.1640625,10.981360161477891,ssp245,2031_2060,ensemble,beans
0,12,La Paz,57.74418604651163,4.600773561123774,ssp245,2031_2060,ensemble,beans
0,13,Lempira,60.67045454545455,7.8887457104597765,ssp245,2031_2060,ensemble,beans
0,14,Ocotepeque,62.888888888888886,7.357703613841469,ssp245,2031_2060,ensemble,beans
0,15,Olancho,73.61873350923483,13.405430218604296,ssp245,2031_2060,ensemble,beans
0,16,Santa Bárbara,65.57777777777778,20.56565517651957,ssp245,2031_2060,ensemble,beans
0,17,Valle,51.55555555555556,17.790471658565302,ssp245,2031_2060,ensemble,beans
0,18,Yoro,73.83900928792569,11.378055638028886,ssp245,2031_2060,ensemble,beans
0,01,Atlántida,43.153153153153156,17.435698183287823,ssp245,2031_2060,ensemble,cassava
0,06,Choluteca,48.75722543352601,19.25037398754015,ssp245,2031_2060,ensemble,cassava
0,02,Colon,36.682464454976305,12.94460035252735,ssp245,2031_2060,ensemble,cassava
0,03,Comayagua,43.38775510204081,18.06599729397022,ssp245,2031_2060,ensemble,cassava
0,04,Copán,32.63945578231292,9.502556461061614,ssp245,2031_2060,ensemble,cassava
0,05,Cortés,36.88111888111888,17.955068049945535,ssp245,2031_2060,ensemble,cassava
0,07,El Paraíso,45.83586626139817,14.508475332316493,ssp245,2031_2060,ensemble,cassava
0,08,Francisco Morazán,36.52454780361757,16.963901237892042,ssp245,2031_2060,ensemble,cassava
0,09,Gracias a Dios,43.466887417218544,22.019645719143547,ssp245,2031_2060,ensemble,cassava
0,10,Intibucá,32.40944881889764,14.736186287855235,ssp245,2031_2060,ensemble,cassava
0,12,La Paz,34.2183908045977,15.519676267032077,ssp245,2031_2060,ensemble,cassava
0,13,Lempira,34.15340909090909,13.447046387958858,ssp245,2031_2060,ensemble,cassava
0,14,Ocotepeque,21.381818181818183,7.501492964351488,ssp245,2031_2060,ensemble,cassava
0,15,Olancho,39.03825857519789,12.43632279542169,ssp245,2031_2060,ensemble,cassava
0,16,Santa Bárbara,38.44888888888889,5.367251405917277,ssp245,2031_2060,ensemble,cassava
0,17,Valle,58.275862068965516,17.765515902762854,ssp245,2031_2060,ensemble,cassava
0,18,Yoro,37.592592592592595,10.971093081453663,ssp245,2031_2060,ensemble,cassava
0,01,Atlántida,29.67543859649123,18.19894715194294,ssp245,2031_2060,ensemble,coffeearabica
0,06,Choluteca,27.010752688172044,14.155051246023326,ssp245,2031_2060,ensemble,coffeearabica
0,02,Colon,18.41777777777778,9.839767135656748,ssp245,2031_2060,ensemble,coffeearabica
0,03,Comayagua,39.08040201005025,18.264212964572888,ssp245,2031_2060,ensemble,coffeearabica
0,04,Copán,35.48951048951049,15.66201905946742,ssp245,2031_2060,ensemble,coffeearabica
0,05,Cortés,23.657342657342657,15.375989317243445,ssp245,2031_2060,ensemble,coffeearabica
0,07,El Paraíso,36.35562310030395,14.797045636415174,ssp245,2031_2060,ensemble,coffeearabica
0,08,Francisco Morazán,39.01550387596899,17.97097192644992,ssp245,2031_2060,ensemble,coffeearabica
0,09,Gracias a Dios,2.4271523178807946,5.47598530581616,ssp245,2031_2060,ensemble,coffeearabica
0,10,Intibucá,37.3046875,17.4434616125167,ssp245,2031_2060,ensemble,coffeearabica
0,12,La Paz,39.92045454545455,20.41624887130852,ssp245,2031_2060,ensemble,coffeearabica
0,13,Lempira,41.608938547486034,22.026726490309567,ssp245,2031_2060,ensemble,coffeearabica
0,14,Ocotepeque,40.7962962962963,19.95028973114558,ssp245,2031_2060,ensemble,coffeearabica
0,15,Olancho,30.443271767810025,13.264861267297677,ssp245,2031_2060,ensemble,coffeearabica
0,16,Santa Bárbara,28.075555555555557,7.00784181567908,ssp245,2031_2060,ensemble,coffeearabica
0,17,Valle,28.07936507936508,14.76622227354703,ssp245,2031_2060,ensemble,coffeearabica
0,18,Yoro,32.42901234567901,14.022399110078016,ssp245,2031_2060,ensemble,coffeearabica
0,01,Atlántida,69.53846153846153,7.513990895096801,ssp245,2031_2060,ensemble,maize
0,06,Choluteca,73.20809248554913,14.5440349233876,ssp245,2031_2060,ensemble,maize
0,02,Colon,71.72020725388602,9.154089997788736,ssp245,2031_2060,ensemble,maize
0,03,Comayagua,71.75510204081633,13.084155571927598,ssp245,2031_2060,ensemble,maize
0,04,Copán,74.54861111111111,8.4441217728922,ssp245,2031_2060,ensemble,maize
0,05,Cortés,71.6,15.704776343520464,ssp245,2031_2060,ensemble,maize
0,07,El Paraíso,67.48024316109422,8.30280312656526,ssp245,2031_2060,ensemble,maize
0,08,Francisco Morazán,71.6124031007752,10.36639627568262,ssp245,2031_2060,ensemble,maize
0,09,Gracias a Dios,77.33333333333333,16.306554010694708,ssp245,2031_2060,ensemble,maize
0,10,Intibucá,60.275590551181104,24.648609922426502,ssp245,2031_2060,ensemble,maize
0,12,La Paz,68.816091954023,16.306354967109712,ssp245,2031_2060,ensemble,maize
0,13,Lempira,74.11931818181819,12.014313035581441,ssp245,2031_2060,ensemble,maize
0,14,Ocotepeque,72.01818181818182,10.46116786299939,ssp245,2031_2060,ensemble,maize
0,15,Olancho,64.96042216358839,16.543809780039684,ssp245,2031_2060,ensemble,maize
0,16,Santa Bárbara,60.65777777777778,27.954776883697072,ssp245,2031_2060,ensemble,maize
0,17,Valle,74.50847457627118,14.71926315555823,ssp245,2031_2060,ensemble,maize
0,18,Yoro,65.9783281733746,14.06693951426091,ssp245,2031_2060,ensemble,maize
0,01,Atlántida,46.17272727272727,20.372378399511742,ssp245,2041_2070,ensemble,banana
0,06,Choluteca,42.18279569892473,20.97743090175322,ssp245,2041_2070,ensemble,banana
0,02,Colon,37.38647342995169,12.726609144502195,ssp245,2041_2070,ensemble,banana
0,03,Comayagua,43.86,15.783548396986022,ssp245,2041_2070,ensemble,banana
0,04,Copán,39.74149659863946,11.933539561574994,ssp245,2041_2070,ensemble,banana
0,05,Cortés,43.88,14.570984867194118,ssp245,2041_2070,ensemble,banana
0,07,El Paraíso,44.657575757575756,15.652311869187931,ssp245,2041_2070,ensemble,banana
0,08,Francisco Morazán,41.54780361757106,15.434940197384453,ssp245,2041_2070,ensemble,banana
0,09,Gracias a Dios,49.04983388704319,25.76486136907698,ssp245,2041_2070,ensemble,banana
0,10,Intibucá,37.1875,12.146083473696367,ssp245,2041_2070,ensemble,banana
0,12,La Paz,39.26136363636363,12.600950828285123,ssp245,2041_2070,ensemble,banana
0,13,Lempira,41.10614525139665,13.441157347462205,ssp245,2041_2070,ensemble,banana
0,14,Ocotepeque,34.56363636363636,13.462086338864466,ssp245,2041_2070,ensemble,banana
0,15,Olancho,38.98153034300792,11.235999287110605,ssp245,2041_2070,ensemble,banana
0,16,Santa Bárbara,39.60444444444445,5.283010739070648,ssp245,2041_2070,ensemble,banana
0,17,Valle,48.53968253968254,21.589845788450187,ssp245,2041_2070,ensemble,banana
0,18,Yoro,42.188854489164086,12.302618699333063,ssp245,2041_2070,ensemble,banana
0,01,Atlántida,72.91346153846153,9.00545836287325,ssp245,2041_2070,ensemble,beans
0,06,Choluteca,51.93010752688172,18.2232410095368,ssp245,2041_2070,ensemble,beans
0,02,Colon,68.06976744186046,24.36676668231893,ssp245,2041_2070,ensemble,beans
0,03,Comayagua,70.73333333333333,10.220174451151301,ssp245,2041_2070,ensemble,beans
0,04,Copán,75.45454545454545,8.727199883145879,ssp245,2041_2070,ensemble,beans
0,05,Cortés,73.152,13.43610419727385,ssp245,2041_2070,ensemble,beans
0,07,El Paraíso,71.2638036809816,10.174748136560455,ssp245,2041_2070,ensemble,beans
0,08,Francisco Morazán,61.411458333333336,9.934025805613613,ssp245,2041_2070,ensemble,beans
0,09,Gracias a Dios,64.54304635761589,24.81500696860985,ssp245,2041_2070,ensemble,beans
0,10,Intibucá,54.0703125,10.968836248770593,ssp245,2041_2070,ensemble,beans
0,12,La Paz,57.74418604651163,4.600773561123774,ssp245,2041_2070,ensemble,beans
0,13,Lempira,60.67045454545455,7.8887457104597765,ssp245,2041_2070,ensemble,beans
0,14,Ocotepeque,62.888888888888886,7.357703613841469,ssp245,2041_2070,ensemble,beans
0,15,Olancho,73.43139841688654,13.352237008710507,ssp245,2041_2070,ensemble,beans
0,16,Santa Bárbara,65.57777777777778,20.56565517651957,ssp245,2041_2070,ensemble,beans
0,17,Valle,50.93650793650794,17.41635157233589,ssp245,2041_2070,ensemble,beans
0,18,Yoro,73.79566563467492,11.412680190865501,ssp245,2041_2070,ensemble,beans
0,01,Atlántida,43.22522522522522,17.48960292673505,ssp245,2041_2070,ensemble,cassava
0,06,Choluteca,49.02312138728324,19.02081420223385,ssp245,2041_2070,ensemble,cassava
0,02,Colon,36.71090047393365,12.950391113585486,ssp245,2041_2070,ensemble,cassava
0,03,Comayagua,44.41836734693877,17.87880027785031,ssp245,2041_2070,ensemble,cassava
0,04,Copán,34.87074829931973,9.951769479171968,ssp245,2041_2070,ensemble,cassava
0,05,Cortés,36.99300699300699,17.971032053165317,ssp245,2041_2070,ensemble,cassava
0,07,El Paraíso,47.22188449848024,14.551742125267216,ssp245,2041_2070,ensemble,cassava
0,08,Francisco Morazán,38.093023255813954,16.927314681685115,ssp245,2041_2070,ensemble,cassava
0,09,Gracias a Dios,43.996688741721854,22.31034837613944,ssp245,2041_2070,ensemble,cassava
0,10,Intibucá,33.55118110236221,14.451498389150219,ssp245,2041_2070,ensemble,cassava
0,12,La Paz,35.51724137931034,15.259338251846467,ssp245,2041_2070,ensemble,cassava
0,13,Lempira,35.375,13.413707795318258,ssp245,2041_2070,ensemble,cassava
0,14,Ocotepeque,22.581818181818182,8.234497079285433,ssp245,2041_2070,ensemble,cassava
0,15,Olancho,39.8311345646438,12.28328686385617,ssp245,2041_2070,ensemble,cassava
0,16,Santa Bárbara,39.257777777777775,5.155816085371242,ssp245,2041_2070,ensemble,cassava
0,17,Valle,58.275862068965516,17.765515902762854,ssp245,2041_2070,ensemble,cassava
0,18,Yoro,38.67283950617284,10.804851589130257,ssp245,2041_2070,ensemble,cassava
0,01,Atlántida,28.87719298245614,17.665081202050516,ssp245,2041_2070,ensemble,coffeearabica
0,06,Choluteca,25.731182795698924,13.666645516594887,ssp245,2041_2070,ensemble,coffeearabica
0,02,Colon,17.511111111111113,9.499993502271982,ssp245,2041_2070,ensemble,coffeearabica
0,03,Comayagua,38.743718592964825,18.15122538995621,ssp245,2041_2070,ensemble,coffeearabica
0,04,Copán,35.41958041958042,15.6957134531366,ssp245,2041_2070,ensemble,coffeearabica
0,05,Cortés,23.006993006993007,14.985539184970515,ssp245,2041_2070,ensemble,coffeearabica
0,07,El Paraíso,36.13636363636363,14.946050824940613,ssp245,2041_2070,ensemble,coffeearabica
0,08,Francisco Morazán,38.98966408268734,17.922165815987153,ssp245,2041_2070,ensemble,coffeearabica
0,09,Gracias a Dios,2.880794701986755,5.85410610672937,ssp245,2041_2070,ensemble,coffeearabica
0,10,Intibucá,37.15625,17.52205641291855,ssp245,2041_2070,ensemble,coffeearabica
0,12,La Paz,39.76136363636363,20.28545959222439,ssp245,2041_2070,ensemble,coffeearabica
0,13,Lempira,41.402234636871505,22.088830199614545,ssp245,2041_2070,ensemble,coffeearabica
0,14,Ocotepeque,40.7962962962963,19.95028973114558,ssp245,2041_2070,ensemble,coffeearabica
0,15,Olancho,30.08707124010554,13.139813078139051,ssp245,2041_2070,ensemble,coffeearabica
0,16,Santa Bárbara,27.41777777777778,6.969370731641539,ssp245,2041_2070,ensemble,coffeearabica
0,17,Valle,25.80952380952381,13.785035759270041,ssp245,2041_2070,ensemble,coffeearabica
0,18,Yoro,32.089506172839506,14.052415582623224,ssp245,2041_2070,ensemble,coffeearabica
0,01,Atlántida,69.53846153846153,7.513990895096801,ssp245,2041_2070,ensemble,maize
0,06,Choluteca,73.26011560693641,14.553329237468295,ssp245,2041_2070,ensemble,maize
0,02,Colon,71.72020725388602,9.154089997788736,ssp245,2041_2070,ensemble,maize
0,03,Comayagua,70.67336683417085,15.74287249497597,ssp245,2041_2070,ensemble,maize
0,04,Copán,75.3006993006993,5.827394870738555,ssp245,2041_2070,ensemble,maize
0,05,Cortés,71.6,15.704776343520464,ssp245,2041_2070,ensemble,maize
0,07,El Paraíso,67.40729483282675,8.307798821198014,ssp245,2041_2070,ensemble,maize
0,08,Francisco Morazán,71.68217054263566,10.36839599932517,ssp245,2041_2070,ensemble,maize
0,09,Gracias a Dios,77.33333333333333,16.306554010694708,ssp245,2041_2070,ensemble,maize
0,10,Intibucá,60.51968503937008,24.780246893872388,ssp245,2041_2070,ensemble,maize
0,12,La Paz,68.79310344827586,16.32369262585281,ssp245,2041_2070,ensemble,maize
0,13,Lempira,74.44318181818181,11.859842435854945,ssp245,2041_2070,ensemble,maize
0,14,Ocotepeque,72.76363636363637,10.612109097824629,ssp245,2041_2070,ensemble,maize
0,15,Olancho,64.90633245382585,16.521048763571685,ssp245,2041_2070,ensemble,maize
0,16,Santa Bárbara,60.666666666666664,27.958222801569885,ssp245,2041_2070,ensemble,maize
0,17,Valle,72.68333333333334,17.31809426261703,ssp245,2041_2070,ensemble,maize
0,18,Yoro,65.92569659442725,14.043962015642151,ssp245,2041_2070,ensemble,maize
0,01,Atlántida,41.93913043478261,21.32615742575779,ssp245,2051_2080,ensemble,banana
0,06,Choluteca,28.591397849462364,19.303872562143567,ssp245,2051_2080,ensemble,banana
0,02,Colon,31.893333333333334,14.851178778504794,ssp245,2051_2080,ensemble,banana
0,03,Comayagua,38.155,13.309807474189851,ssp245,2051_2080,ensemble,banana
0,04,Copán,37.76190476190476,10.685569984595656,ssp245,2051_2080,ensemble,banana
0,05,Cortés,35.97202797202797,18.745234939852487,ssp245,2051_2080,ensemble,banana
0,07,El Paraíso,24.94242424242424,11.186830198077757,ssp245,2051_2080,ensemble,banana
0,08,Francisco Morazán,25.85529715762274,15.860983335012929,ssp245,2051_2080,ensemble,banana
0,09,Gracias a Dios,55.876363636363635,22.725219980024306,ssp245,2051_2080,ensemble,banana
0,10,Intibucá,34.2890625,10.434432441253993,ssp245,2051_2080,ensemble,banana
0,12,La Paz,29.863636363636363,11.523870303715652,ssp245,2051_2080,ensemble,banana
0,13,Lempira,36.44692737430167,12.28848891575829,ssp245,2051_2080,ensemble,banana
0,14,Ocotepeque,36.30909090909091,13.4999969390875,ssp245,2051_2080,ensemble,banana
0,15,Olancho,29.445910290237467,9.74796388467691,ssp245,2051_2080,ensemble,banana
0,16,Santa Bárbara,36.80888888888889,4.779949893843484,ssp245,2051_2080,ensemble,banana
0,17,Valle,27.825396825396826,15.493510861350424,ssp245,2051_2080,ensemble,banana
0,18,Yoro,38.05864197530864,12.307516247418091,ssp245,2051_2080,ensemble,banana
0,01,Atlántida,71.4952380952381,11.383466548358474,ssp245,2051_2080,ensemble,beans
0,06,Choluteca,50.10752688172043,17.60618315483329,ssp245,2051_2080,ensemble,beans
0,02,Colon,65.12727272727273,25.621762444137243,ssp245,2051_2080,ensemble,beans
0,03,Comayagua,68.08080808080808,13.61607544258317,ssp245,2051_2080,ensemble,beans
0,04,Copán,73.77241379310345,12.60418366645539,ssp245,2051_2080,ensemble,beans
0,05,Cortés,65.28467153284672,23.74528732501638,ssp245,2051_2080,ensemble,beans
0,07,El Paraíso,66.19090909090909,12.315175748604169,ssp245,2051_2080,ensemble,beans
0,08,Francisco Morazán,56.674418604651166,10.48525194656331,ssp245,2051_2080,ensemble,beans
0,09,Gracias a Dios,63.81456953642384,24.52877860354218,ssp245,2051_2080,ensemble,beans
0,10,Intibucá,53.6953125,10.911976357532295,ssp245,2051_2080,ensemble,beans
0,12,La Paz,54.63636363636363,9.432995545354492,ssp245,2051_2080,ensemble,beans
0,13,Lempira,58.597765363128495,11.0521969064486,ssp245,2051_2080,ensemble,beans
0,14,Ocotepeque,62.46296296296296,7.607776145991491,ssp245,2051_2080,ensemble,beans
0,15,Olancho,69.4934036939314,12.803336214837563,ssp245,2051_2080,ensemble,beans
0,16,Santa Bárbara,65.52888888888889,20.532690706634654,ssp245,2051_2080,ensemble,beans
0,17,Valle,48.46031746031746,16.59396084143733,ssp245,2051_2080,ensemble,beans
0,18,Yoro,70.17901234567901,11.80834833423217,ssp245,2051_2080,ensemble,beans
0,01,Atlántida,47.19230769230769,14.466191968143224,ssp245,2051_2080,ensemble,cassava
0,06,Choluteca,42.134408602150536,20.333197573794923,ssp245,2051_2080,ensemble,cassava
0,02,Colon,40.4559585492228,6.9847634501277405,ssp245,2051_2080,ensemble,cassava
0,03,Comayagua,42.335,16.530964127963017,ssp245,2051_2080,ensemble,cassava
0,04,Copán,37.074829931972786,10.331306649205628,ssp245,2051_2080,ensemble,cassava
0,05,Cortés,43.096,12.167118968761669,ssp245,2051_2080,ensemble,cassava
0,07,El Paraíso,43.38181818181818,13.12595057557344,ssp245,2051_2080,ensemble,cassava
0,08,Francisco Morazán,37.45219638242894,14.820359767946135,ssp245,2051_2080,ensemble,cassava
0,09,Gracias a Dios,48.06976744186046,24.500426118995605,ssp245,2051_2080,ensemble,cassava
0,10,Intibucá,33.3359375,13.332454143783647,ssp245,2051_2080,ensemble,cassava
0,12,La Paz,34.61363636363637,13.795941282412326,ssp245,2051_2080,ensemble,cassava
0,13,Lempira,35.02793296089386,13.131237083666607,ssp245,2051_2080,ensemble,cassava
0,14,Ocotepeque,24.563636363636363,9.220064358607239,ssp245,2051_2080,ensemble,cassava
0,15,Olancho,37.67018469656992,10.894646973792463,ssp245,2051_2080,ensemble,cassava
0,16,Santa Bárbara,39.84888888888889,5.032720590615962,ssp245,2051_2080,ensemble,cassava
0,17,Valle,47.38095238095238,20.60700187016776,ssp245,2051_2080,ensemble,cassava
0,18,Yoro,39.204334365325074,10.23145667397764,ssp245,2051_2080,ensemble,cassava
0,01,Atlántida,27.62608695652174,17.1055347613192,ssp245,2051_2080,ensemble,coffeearabica
0,06,Choluteca,14.102150537634408,14.371989472466687,ssp245,2051_2080,ensemble,coffeearabica
0,02,Colon,16.786666666666665,9.06219497570968,ssp245,2051_2080,ensemble,coffeearabica
0,03,Comayagua,34.3,17.050806432541542,ssp245,2051_2080,ensemble,coffeearabica
0,04,Copán,32.31292517006803,14.887241819571564,ssp245,2051_2080,ensemble,coffeearabica
0,05,Cortés,21.972027972027973,14.499551020752794,ssp245,2051_2080,ensemble,coffeearabica
0,07,El Paraíso,12.833333333333334,11.372459201194273,ssp245,2051_2080,ensemble,coffeearabica
0,08,Francisco Morazán,18.29198966408269,17.83646680925399,ssp245,2051_2080,ensemble,coffeearabica
0,09,Gracias a Dios,21.986754966887418,13.968027234867439,ssp245,2051_2080,ensemble,coffeearabica
0,10,Intibucá,34.1484375,16.187422704328004,ssp245,2051_2080,ensemble,coffeearabica
0,12,La Paz,26.272727272727273,17.966336749553236,ssp245,2051_2080,ensemble,coffeearabica
0,13,Lempira,38.452513966480446,20.031587676795787,ssp245,2051_2080,ensemble,coffeearabica
0,14,Ocotepeque,37.38181818181818,19.605649379791167,ssp245,2051_2080,ensemble,coffeearabica
0,15,Olancho,20.941952506596305,11.332667301505404,ssp245,2051_2080,ensemble,coffeearabica
0,16,Santa Bárbara,26.61777777777778,6.598022898781082,ssp245,2051_2080,ensemble,coffeearabica
0,17,Valle,13.126984126984127,9.544369342319333,ssp245,2051_2080,ensemble,coffeearabica
0,18,Yoro,30.253086419753085,13.001097640458253,ssp245,2051_2080,ensemble,coffeearabica
0,01,Atlántida,65.8425925925926,15.02538718120536,ssp245,2051_2080,ensemble,maize
0,06,Choluteca,65.68817204301075,22.547430769224725,ssp245,2051_2080,ensemble,maize
0,02,Colon,60.527272727272724,24.13021835824386,ssp245,2051_2080,ensemble,maize
0,03,Comayagua,67.97,16.015589280447973,ssp245,2051_2080,ensemble,maize
0,04,Copán,72.52413793103449,10.272885474927433,ssp245,2051_2080,ensemble,maize
0,05,Cortés,63.7956204379562,24.650295355459882,ssp245,2051_2080,ensemble,maize
0,07,El Paraíso,64.60909090909091,8.691440011677237,ssp245,2051_2080,ensemble,maize
0,08,Francisco Morazán,68.28682170542636,10.280706547107835,ssp245,2051_2080,ensemble,maize
0,09,Gracias a Dios,77.33333333333333,16.306554010694708,ssp245,2051_2080,ensemble,maize
0,10,Intibucá,58.921875,24.46285748812626,ssp245,2051_2080,ensemble,maize
0,12,La Paz,66.45454545454545,17.25471548915166,ssp245,2051_2080,ensemble,maize
0,13,Lempira,71.54748603351955,14.558367666018293,ssp245,2051_2080,ensemble,maize
0,14,Ocotepeque,72.89090909090909,10.506574093088275,ssp245,2051_2080,ensemble,maize
0,15,Olancho,62.34828496042216,15.877418489885768,ssp245,2051_2080,ensemble,maize
0,16,Santa Bárbara,59.44444444444444,27.646784466878326,ssp245,2051_2080,ensemble,maize
0,17,Valle,66.39682539682539,21.959226055795174,ssp245,2051_2080,ensemble,maize
0,18,Yoro,62.91358024691358,14.047711936063545,ssp245,2051_2080,ensemble,maize
0,01,Atlántida,45.125,21.051435733188637,ssp370,2021_2050,ensemble,banana
0,06,Choluteca,42.83870967741935,21.079363767194,ssp370,2021_2050,ensemble,banana
0,02,Colon,39.26262626262626,10.146986275563894,ssp370,2021_2050,ensemble,banana
0,03,Comayagua,43.32,16.2498492300698,ssp370,2021_2050,ensemble,banana
0,04,Copán,38.17006802721088,11.233074433113229,ssp370,2021_2050,ensemble,banana
0,05,Cortés,43.76190476190476,15.079908093815222,ssp370,2021_2050,ensemble,banana
0,07,El Paraíso,45.339393939393936,15.650925800749595,ssp370,2021_2050,ensemble,banana
0,08,Francisco Morazán,40.39018087855297,15.53923788095064,ssp370,2021_2050,ensemble,banana
0,09,Gracias a Dios,48.85382059800664,25.57794212357173,ssp370,2021_2050,ensemble,banana
0,10,Intibucá,34.453125,13.348606771284222,ssp370,2021_2050,ensemble,banana
0,12,La Paz,37.28409090909091,12.49813519147808,ssp370,2021_2050,ensemble,banana
0,13,Lempira,38.6536312849162,13.056500583393735,ssp370,2021_2050,ensemble,banana
0,14,Ocotepeque,30.254545454545454,12.244803249198014,ssp370,2021_2050,ensemble,banana
0,15,Olancho,38.88522427440633,11.656529900860214,ssp370,2021_2050,ensemble,banana
0,16,Santa Bárbara,39.13333333333333,5.43241300999023,ssp370,2021_2050,ensemble,banana
0,17,Valle,49.23809523809524,21.684398814065325,ssp370,2021_2050,ensemble,banana
0,18,Yoro,41.256965944272444,12.061205088791363,ssp370,2021_2050,ensemble,banana
0,01,Atlántida,73.62135922330097,5.456120647625386,ssp370,2021_2050,ensemble,beans
0,06,Choluteca,52.876344086021504,18.584326254487078,ssp370,2021_2050,ensemble,beans
0,02,Colon,68.91121495327103,24.170472551932075,ssp370,2021_2050,ensemble,beans
0,03,Comayagua,70.73333333333333,10.220174451151301,ssp370,2021_2050,ensemble,beans
0,04,Copán,75.45454545454545,8.727199883145879,ssp370,2021_2050,ensemble,beans
0,05,Cortés,73.152,13.43610419727385,ssp370,2021_2050,ensemble,beans
0,07,El Paraíso,71.28834355828221,10.1602038083879,ssp370,2021_2050,ensemble,beans
0,08,Francisco Morazán,61.549479166666664,9.883574849823619,ssp370,2021_2050,ensemble,beans
0,09,Gracias a Dios,65.49668874172185,25.167353543823534,ssp370,2021_2050,ensemble,beans
0,10,Intibucá,54.1640625,10.981360161477891,ssp370,2021_2050,ensemble,beans
0,12,La Paz,57.74418604651163,4.600773561123774,ssp370,2021_2050,ensemble,beans
0,13,Lempira,60.67045454545455,7.8887457104597765,ssp370,2021_2050,ensemble,beans
0,14,Ocotepeque,62.888888888888886,7.357703613841469,ssp370,2021_2050,ensemble,beans
0,15,Olancho,73.80738786279683,13.411976229077927,ssp370,2021_2050,ensemble,beans
0,16,Santa Bárbara,65.57777777777778,20.56565517651957,ssp370,2021_2050,ensemble,beans
0,17,Valle,52.15873015873016,17.921527667669928,ssp370,2021_2050,ensemble,beans
0,18,Yoro,73.86996904024768,11.38688326652018,ssp370,2021_2050,ensemble,beans
0,01,Atlántida,41.62280701754386,18.34962132162319,ssp370,2021_2050,ensemble,cassava
0,06,Choluteca,48.76300578034682,19.400447411114303,ssp370,2021_2050,ensemble,cassava
0,02,Colon,34.96818181818182,14.543786125903841,ssp370,2021_2050,ensemble,cassava
0,03,Comayagua,41.96938775510204,18.20487380448986,ssp370,2021_2050,ensemble,cassava
0,04,Copán,30.435374149659864,9.001940854378367,ssp370,2021_2050,ensemble,cassava
0,05,Cortés,36.29370629370629,17.663059380610353,ssp370,2021_2050,ensemble,cassava
0,07,El Paraíso,44.551515151515154,14.749178122189502,ssp370,2021_2050,ensemble,cassava
0,08,Francisco Morazán,34.38501291989664,16.0496349846147,ssp370,2021_2050,ensemble,cassava
0,09,Gracias a Dios,43.4271523178808,22.014135837205114,ssp370,2021_2050,ensemble,cassava
0,10,Intibucá,31.41732283464567,14.937898188219268,ssp370,2021_2050,ensemble,cassava
0,12,La Paz,33.35632183908046,15.809917599946854,ssp370,2021_2050,ensemble,cassava
0,13,Lempira,32.69318181818182,13.343246465522153,ssp370,2021_2050,ensemble,cassava
0,14,Ocotepeque,20.2,7.151350794207916,ssp370,2021_2050,ensemble,cassava
0,15,Olancho,38.24142480211082,12.727238944977465,ssp370,2021_2050,ensemble,cassava
0,16,Santa Bárbara,36.85777777777778,5.485920924973466,ssp370,2021_2050,ensemble,cassava
0,17,Valle,58.91379310344828,17.716429626643585,ssp370,2021_2050,ensemble,cassava
0,18,Yoro,35.78703703703704,11.329834094264863,ssp370,2021_2050,ensemble,cassava
0,01,Atlántida,30.594594594594593,18.11095849557497,ssp370,2021_2050,ensemble,coffeearabica
0,06,Choluteca,28.241935483870968,15.00897812014167,ssp370,2021_2050,ensemble,coffeearabica
0,02,Colon,19.066666666666666,10.073948800964022,ssp370,2021_2050,ensemble,coffeearabica
0,03,Comayagua,39.8391959798995,18.53190299184842,ssp370,2021_2050,ensemble,coffeearabica
0,04,Copán,35.51748251748252,15.674063537837144,ssp370,2021_2050,ensemble,coffeearabica
0,05,Cortés,24.51048951048951,15.920636707963439,ssp370,2021_2050,ensemble,coffeearabica
0,07,El Paraíso,36.6838905775076,15.005685307587145,ssp370,2021_2050,ensemble,coffeearabica
0,08,Francisco Morazán,39.77461139896373,18.06933904297624,ssp370,2021_2050,ensemble,coffeearabica
0,09,Gracias a Dios,2.2317880794701987,5.46687036952669,ssp370,2021_2050,ensemble,coffeearabica
0,10,Intibucá,37.7421875,17.439738249608098,ssp370,2021_2050,ensemble,coffeearabica
0,12,La Paz,40.5,20.733701156242308,ssp370,2021_2050,ensemble,coffeearabica
0,13,Lempira,42.13966480446928,22.196369472612833,ssp370,2021_2050,ensemble,coffeearabica
0,14,Ocotepeque,40.14545454545455,20.58279792078652,ssp370,2021_2050,ensemble,coffeearabica
0,15,Olancho,30.945910290237467,13.292566530317929,ssp370,2021_2050,ensemble,coffeearabica
0,16,Santa Bárbara,28.204444444444444,7.1686340107615285,ssp370,2021_2050,ensemble,coffeearabica
0,17,Valle,30.063492063492063,15.721659325035532,ssp370,2021_2050,ensemble,coffeearabica
0,18,Yoro,33.00308641975309,13.99922803356462,ssp370,2021_2050,ensemble,coffeearabica
0,01,Atlántida,69.52884615384616,7.5101940090289565,ssp370,2021_2050,ensemble,maize
0,06,Choluteca,73.32369942196532,14.555826919036106,ssp370,2021_2050,ensemble,maize
0,02,Colon,71.72020725388602,9.154089997788736,ssp370,2021_2050,ensemble,maize
0,03,Comayagua,71.77551020408163,13.109453367583052,ssp370,2021_2050,ensemble,maize
0,04,Copán,73.7448275862069,10.394149090478791,ssp370,2021_2050,ensemble,maize
0,05,Cortés,71.6,15.704776343520464,ssp370,2021_2050,ensemble,maize
0,07,El Paraíso,67.68085106382979,8.307445183466351,ssp370,2021_2050,ensemble,maize
0,08,Francisco Morazán,71.71059431524547,10.450768867936326,ssp370,2021_2050,ensemble,maize
0,09,Gracias a Dios,77.33333333333333,16.306554010694708,ssp370,2021_2050,ensemble,maize
0,10,Intibucá,59.75590551181102,24.711155482542914,ssp370,2021_2050,ensemble,maize
0,12,La Paz,68.50574712643679,16.439281218184014,ssp370,2021_2050,ensemble,maize
0,13,Lempira,73.49431818181819,11.998578116087392,ssp370,2021_2050,ensemble,maize
0,14,Ocotepeque,71.21818181818182,10.438897380106612,ssp370,2021_2050,ensemble,maize
0,15,Olancho,65.11873350923483,16.597489795908558,ssp370,2021_2050,ensemble,maize
0,16,Santa Bárbara,60.60888888888889,27.930038168587696,ssp370,2021_2050,ensemble,maize
0,17,Valle,76.39655172413794,11.189495774859584,ssp370,2021_2050,ensemble,maize
0,18,Yoro,65.81424148606811,14.066279913914949,ssp370,2021_2050,ensemble,maize
0,01,Atlántida,45.151785714285715,21.089608909462537,ssp370,2031_2060,ensemble,banana
0,06,Choluteca,42.795698924731184,21.085876198278758,ssp370,2031_2060,ensemble,banana
0,02,Colon,37.43478260869565,12.732640842619302,ssp370,2031_2060,ensemble,banana
0,03,Comayagua,43.915,15.942326524067935,ssp370,2031_2060,ensemble,banana
0,04,Copán,39.605442176870746,11.847418745318688,ssp370,2031_2060,ensemble,banana
0,05,Cortés,43.80952380952381,15.100044300215835,ssp370,2031_2060,ensemble,banana
0,07,El Paraíso,44.7,15.492451729989693,ssp370,2031_2060,ensemble,banana
0,08,Francisco Morazán,41.666666666666664,15.372884615300697,ssp370,2031_2060,ensemble,banana
0,09,Gracias a Dios,49.07641196013289,25.74260804296147,ssp370,2031_2060,ensemble,banana
0,10,Intibucá,36.71875,12.447977684648217,ssp370,2031_2060,ensemble,banana
0,12,La Paz,39.15909090909091,12.611220079787143,ssp370,2031_2060,ensemble,banana
0,13,Lempira,40.832402234636874,13.158460979407401,ssp370,2031_2060,ensemble,banana
0,14,Ocotepeque,34.27272727272727,13.44680366948294,ssp370,2031_2060,ensemble,banana
0,15,Olancho,38.95514511873351,11.248129421386464,ssp370,2031_2060,ensemble,banana
0,16,Santa Bárbara,39.96888888888889,5.290991178817158,ssp370,2031_2060,ensemble,banana
0,17,Valle,49.23809523809524,21.684398814065325,ssp370,2031_2060,ensemble,banana
0,18,Yoro,42.037151702786375,12.244105700088632,ssp370,2031_2060,ensemble,banana
0,01,Atlántida,72.91346153846153,9.00545836287325,ssp370,2031_2060,ensemble,beans
0,06,Choluteca,52.02150537634409,18.240613137345882,ssp370,2031_2060,ensemble,beans
0,02,Colon,68.09302325581395,24.37670824400646,ssp370,2031_2060,ensemble,beans
0,03,Comayagua,70.73333333333333,10.220174451151301,ssp370,2031_2060,ensemble,beans
0,04,Copán,75.45454545454545,8.727199883145879,ssp370,2031_2060,ensemble,beans
0,05,Cortés,73.152,13.43610419727385,ssp370,2031_2060,ensemble,beans
0,07,El Paraíso,71.17484662576688,9.964820596295432,ssp370,2031_2060,ensemble,beans
0,08,Francisco Morazán,61.5,9.872098729922293,ssp370,2031_2060,ensemble,beans
0,09,Gracias a Dios,64.62582781456953,24.82046251410438,ssp370,2031_2060,ensemble,beans
0,10,Intibucá,54.1640625,10.981360161477891,ssp370,2031_2060,ensemble,beans
0,12,La Paz,57.74418604651163,4.600773561123774,ssp370,2031_2060,ensemble,beans
0,13,Lempira,60.67045454545455,7.8887457104597765,ssp370,2031_2060,ensemble,beans
0,14,Ocotepeque,62.888888888888886,7.357703613841469,ssp370,2031_2060,ensemble,beans
0,15,Olancho,73.26253298153034,13.280650114457218,ssp370,2031_2060,ensemble,beans
0,16,Santa Bárbara,65.57777777777778,20.56565517651957,ssp370,2031_2060,ensemble,beans
0,17,Valle,51.06349206349206,17.45822498284188,ssp370,2031_2060,ensemble,beans
0,18,Yoro,73.91640866873065,11.294912829809263,ssp370,2031_2060,ensemble,beans
0,01,Atlántida,42.828828828828826,17.26835040342259,ssp370,2031_2060,ensemble,cassava
0,06,Choluteca,49.16763005780347,19.029356500792165,ssp370,2031_2060,ensemble,cassava
0,02,Colon,36.62559241706161,12.925858905330479,ssp370,2031_2060,ensemble,cassava
0,03,Comayagua,43.91836734693877,17.992727254897684,ssp370,2031_2060,ensemble,cassava
0,04,Copán,34.35374149659864,9.753982421351452,ssp370,2031_2060,ensemble,cassava
0,05,Cortés,36.49650349650349,17.762565384347063,ssp370,2031_2060,ensemble,cassava
0,07,El Paraíso,46.9483282674772,14.567119737562106,ssp370,2031_2060,ensemble,cassava
0,08,Francisco Morazán,37.90439276485788,16.931955517733954,ssp370,2031_2060,ensemble,cassava
0,09,Gracias a Dios,43.950331125827816,22.243255914213414,ssp370,2031_2060,ensemble,cassava
0,10,Intibucá,33.10236220472441,14.473888868818843,ssp370,2031_2060,ensemble,cassava
0,12,La Paz,35.05747126436781,15.450593353810282,ssp370,2031_2060,ensemble,cassava
0,13,Lempira,35.00568181818182,13.279126288640734,ssp370,2031_2060,ensemble,cassava
0,14,Ocotepeque,22.4,8.125381109942978,ssp370,2031_2060,ensemble,cassava
0,15,Olancho,39.60949868073879,12.291340861388663,ssp370,2031_2060,ensemble,cassava
0,16,Santa Bárbara,38.666666666666664,5.1965800719746875,ssp370,2031_2060,ensemble,cassava
0,17,Valle,58.91379310344828,17.716429626643585,ssp370,2031_2060,ensemble,cassava
0,18,Yoro,37.885802469135804,10.898914700097157,ssp370,2031_2060,ensemble,cassava
0,01,Atlántida,28.912280701754387,17.889799800547312,ssp370,2031_2060,ensemble,coffeearabica
0,06,Choluteca,26.236559139784948,13.81280211032416,ssp370,2031_2060,ensemble,coffeearabica
0,02,Colon,17.813333333333333,9.604202783735415,ssp370,2031_2060,ensemble,coffeearabica
0,03,Comayagua,39.02010050251256,18.185244390926904,ssp370,2031_2060,ensemble,coffeearabica
0,04,Copán,35.43356643356643,15.711364841497684,ssp370,2031_2060,ensemble,coffeearabica
0,05,Cortés,23.48951048951049,15.28007392655346,ssp370,2031_2060,ensemble,coffeearabica
0,07,El Paraíso,36.084848484848486,14.927463427219728,ssp370,2031_2060,ensemble,coffeearabica
0,08,Francisco Morazán,39.373056994818654,17.927623617820732,ssp370,2031_2060,ensemble,coffeearabica
0,09,Gracias a Dios,3.119205298013245,6.241738542321395,ssp370,2031_2060,ensemble,coffeearabica
0,10,Intibucá,37.4921875,17.450374321625418,ssp370,2031_2060,ensemble,coffeearabica
0,12,La Paz,39.96590909090909,20.39967071015227,ssp370,2031_2060,ensemble,coffeearabica
0,13,Lempira,41.687150837988824,22.28741665254829,ssp370,2031_2060,ensemble,coffeearabica
0,14,Ocotepeque,41.111111111111114,19.89943854285813,ssp370,2031_2060,ensemble,coffeearabica
0,15,Olancho,30.12137203166227,13.167323519668635,ssp370,2031_2060,ensemble,coffeearabica
0,16,Santa Bárbara,27.746666666666666,7.037853208029972,ssp370,2031_2060,ensemble,coffeearabica
0,17,Valle,26.952380952380953,14.15944193527299,ssp370,2031_2060,ensemble,coffeearabica
0,18,Yoro,32.33641975308642,14.080492837250292,ssp370,2031_2060,ensemble,coffeearabica
0,01,Atlántida,69.53846153846153,7.513990895096801,ssp370,2031_2060,ensemble,maize
0,06,Choluteca,73.34682080924856,14.5584710559908,ssp370,2031_2060,ensemble,maize
0,02,Colon,71.72020725388602,9.154089997788736,ssp370,2031_2060,ensemble,maize
0,03,Comayagua,71.81122448979592,13.091907320025411,ssp370,2031_2060,ensemble,maize
0,04,Copán,75.2937062937063,5.828351453797322,ssp370,2031_2060,ensemble,maize
0,05,Cortés,71.6,15.704776343520464,ssp370,2031_2060,ensemble,maize
0,07,El Paraíso,67.22188449848025,8.32997342366343,ssp370,2031_2060,ensemble,maize
0,08,Francisco Morazán,71.7984496124031,10.393582678931834,ssp370,2031_2060,ensemble,maize
0,09,Gracias a Dios,77.33333333333333,16.306554010694708,ssp370,2031_2060,ensemble,maize
0,10,Intibucá,60.40944881889764,24.726011784178166,ssp370,2031_2060,ensemble,maize
0,12,La Paz,69.0,16.377725271156287,ssp370,2031_2060,ensemble,maize
0,13,Lempira,74.36363636363636,12.017205296594373,ssp370,2031_2060,ensemble,maize
0,14,Ocotepeque,72.30909090909091,10.550093023756585,ssp370,2031_2060,ensemble,maize
0,15,Olancho,64.76912928759894,16.49364623909248,ssp370,2031_2060,ensemble,maize
0,16,Santa Bárbara,60.666666666666664,27.958222801569885,ssp370,2031_2060,ensemble,maize
0,17,Valle,75.93103448275862,11.105857524011306,ssp370,2031_2060,ensemble,maize
0,18,Yoro,66.03095975232198,14.07605287017468,ssp370,2031_2060,ensemble,maize
0,01,Atlántida,46.2,20.411583164290008,ssp370,2041_2070,ensemble,banana
0,06,Choluteca,42.225806451612904,20.973679887076322,ssp370,2041_2070,ensemble,banana
0,02,Colon,36.89903846153846,12.896943549601108,ssp370,2041_2070,ensemble,banana
0,03,Comayagua,44.255,15.634576265444483,ssp370,2041_2070,ensemble,banana
0,04,Copán,41.53793103448276,11.240334201471102,ssp370,2041_2070,ensemble,banana
0,05,Cortés,44.152,14.605235225767505,ssp370,2041_2070,ensemble,banana
0,07,El Paraíso,43.61515151515152,15.086028479360413,ssp370,2041_2070,ensemble,banana
0,08,Francisco Morazán,42.36950904392765,15.300112327256372,ssp370,2041_2070,ensemble,banana
0,09,Gracias a Dios,49.16611295681063,25.7987157701548,ssp370,2041_2070,ensemble,banana
0,10,Intibucá,38.90625,11.89829130327124,ssp370,2041_2070,ensemble,banana
0,12,La Paz,40.53409090909091,12.831910563864147,ssp370,2041_2070,ensemble,banana
0,13,Lempira,42.726256983240226,13.665514765681333,ssp370,2041_2070,ensemble,banana
0,14,Ocotepeque,37.2,13.484536598368045,ssp370,2041_2070,ensemble,banana
0,15,Olancho,38.53298153034301,10.981675517837813,ssp370,2041_2070,ensemble,banana
0,16,Santa Bárbara,40.0,5.137227959815596,ssp370,2041_2070,ensemble,banana
0,17,Valle,48.58730158730159,21.55438667144257,ssp370,2041_2070,ensemble,banana
0,18,Yoro,42.578947368421055,12.686105224419029,ssp370,2041_2070,ensemble,banana
0,01,Atlántida,72.21904761904761,11.422601615411399,ssp370,2041_2070,ensemble,beans
0,06,Choluteca,50.693548387096776,17.80140326987429,ssp370,2041_2070,ensemble,beans
0,02,Colon,67.17592592592592,24.539019836029137,ssp370,2041_2070,ensemble,beans
0,03,Comayagua,70.73333333333333,10.220174451151301,ssp370,2041_2070,ensemble,beans
0,04,Copán,75.45454545454545,8.727199883145879,ssp370,2041_2070,ensemble,beans
0,05,Cortés,68.87878787878788,20.83413221608783,ssp370,2041_2070,ensemble,beans
0,07,El Paraíso,69.95440729483283,12.020792031396036,ssp370,2041_2070,ensemble,beans
0,08,Francisco Morazán,61.3984375,9.883967323832762,ssp370,2041_2070,ensemble,beans
0,09,Gracias a Dios,63.37748344370861,24.350433239779488,ssp370,2041_2070,ensemble,beans
0,10,Intibucá,53.90625,10.936205280512066,ssp370,2041_2070,ensemble,beans
0,12,La Paz,57.74418604651163,4.600773561123774,ssp370,2041_2070,ensemble,beans
0,13,Lempira,60.65909090909091,7.891863421554051,ssp370,2041_2070,ensemble,beans
0,14,Ocotepeque,62.888888888888886,7.357703613841469,ssp370,2041_2070,ensemble,beans
0,15,Olancho,72.16358839050132,13.217368592349967,ssp370,2041_2070,ensemble,beans
0,16,Santa Bárbara,65.57777777777778,20.56565517651957,ssp370,2041_2070,ensemble,beans
0,17,Valle,49.17460317460318,16.723274991156227,ssp370,2041_2070,ensemble,beans
0,18,Yoro,73.78018575851394,11.357597692843793,ssp370,2041_2070,ensemble,beans
0,01,Atlántida,43.14414414414414,17.534443245885697,ssp370,2041_2070,ensemble,cassava
0,06,Choluteca,49.60115606936416,18.598818995507898,ssp370,2041_2070,ensemble,cassava
0,02,Colon,37.06190476190476,12.812232852145499,ssp370,2041_2070,ensemble,cassava
0,03,Comayagua,45.43877551020408,17.076099974448482,ssp370,2041_2070,ensemble,cassava
0,04,Copán,37.53741496598639,10.566454498294966,ssp370,2041_2070,ensemble,cassava
0,05,Cortés,36.77622377622377,17.896915224454823,ssp370,2041_2070,ensemble,cassava
0,07,El Paraíso,47.94528875379939,14.382425022807595,ssp370,2041_2070,ensemble,cassava
0,08,Francisco Morazán,40.71059431524548,16.557595551523264,ssp370,2041_2070,ensemble,cassava
0,09,Gracias a Dios,44.99006622516556,22.780333841482417,ssp370,2041_2070,ensemble,cassava
0,10,Intibucá,35.21259842519685,13.997541922150464,ssp370,2041_2070,ensemble,cassava
0,12,La Paz,38.13793103448276,14.834080374157608,ssp370,2041_2070,ensemble,cassava
0,13,Lempira,37.85227272727273,13.425332036462121,ssp370,2041_2070,ensemble,cassava
0,14,Ocotepeque,25.345454545454544,9.51595441507325,ssp370,2041_2070,ensemble,cassava
0,15,Olancho,40.68073878627968,11.600355898591378,ssp370,2041_2070,ensemble,cassava
0,16,Santa Bárbara,39.44444444444444,4.9958007057285645,ssp370,2041_2070,ensemble,cassava
0,17,Valle,58.275862068965516,17.765515902762854,ssp370,2041_2070,ensemble,cassava
0,18,Yoro,40.07716049382716,10.423008586132289,ssp370,2041_2070,ensemble,cassava
0,01,Atlántida,27.657894736842106,16.855333346882635,ssp370,2041_2070,ensemble,coffeearabica
0,06,Choluteca,23.419354838709676,12.304228297311825,ssp370,2041_2070,ensemble,coffeearabica
0,02,Colon,16.36888888888889,8.99342530771408,ssp370,2041_2070,ensemble,coffeearabica
0,03,Comayagua,38.04522613065327,17.694872346556366,ssp370,2041_2070,ensemble,coffeearabica
0,04,Copán,34.47586206896552,16.217097303355256,ssp370,2041_2070,ensemble,coffeearabica
0,05,Cortés,21.734265734265733,14.422666237001078,ssp370,2041_2070,ensemble,coffeearabica
0,07,El Paraíso,35.472727272727276,14.85365525317473,ssp370,2041_2070,ensemble,coffeearabica
0,08,Francisco Morazán,38.26614987080104,17.851930936122326,ssp370,2041_2070,ensemble,coffeearabica
0,09,Gracias a Dios,5.3841059602649,8.106788037204572,ssp370,2041_2070,ensemble,coffeearabica
0,10,Intibucá,36.640625,17.311364752941202,ssp370,2041_2070,ensemble,coffeearabica
0,12,La Paz,39.42045454545455,20.255594957100513,ssp370,2041_2070,ensemble,coffeearabica
0,13,Lempira,40.754189944134076,22.208406526205227,ssp370,2041_2070,ensemble,coffeearabica
0,14,Ocotepeque,40.7962962962963,19.95028973114558,ssp370,2041_2070,ensemble,coffeearabica
0,15,Olancho,28.994722955145118,12.870881972874187,ssp370,2041_2070,ensemble,coffeearabica
0,16,Santa Bárbara,26.68,6.9214513571135425,ssp370,2041_2070,ensemble,coffeearabica
0,17,Valle,22.41269841269841,12.33994021316962,ssp370,2041_2070,ensemble,coffeearabica
0,18,Yoro,31.358024691358025,14.05198342133467,ssp370,2041_2070,ensemble,coffeearabica
0,01,Atlántida,69.54807692307692,7.516494436202787,ssp370,2041_2070,ensemble,maize
0,06,Choluteca,70.94972067039106,19.473882737156515,ssp370,2041_2070,ensemble,maize
0,02,Colon,71.72020725388602,9.154089997788736,ssp370,2041_2070,ensemble,maize
0,03,Comayagua,71.27777777777777,15.00870491896475,ssp370,2041_2070,ensemble,maize
0,04,Copán,75.48251748251748,5.938911801210851,ssp370,2041_2070,ensemble,maize
0,05,Cortés,71.6,15.704776343520464,ssp370,2041_2070,ensemble,maize
0,07,El Paraíso,66.87234042553192,8.385948280603781,ssp370,2041_2070,ensemble,maize
0,08,Francisco Morazán,71.7984496124031,10.389106681903785,ssp370,2041_2070,ensemble,maize
0,09,Gracias a Dios,77.33333333333333,16.306554010694708,ssp370,2041_2070,ensemble,maize
0,10,Intibucá,61.01574803149607,24.792043507763587,ssp370,2041_2070,ensemble,maize
0,12,La Paz,70.46511627906976,14.818826550551039,ssp370,2041_2070,ensemble,maize
0,13,Lempira,75.0,11.858062082972765,ssp370,2041_2070,ensemble,maize
0,14,Ocotepeque,73.67272727272727,10.699285524921823,ssp370,2041_2070,ensemble,maize
0,15,Olancho,64.42348284960423,16.379449364509615,ssp370,2041_2070,ensemble,maize
0,16,Santa Bárbara,60.693333333333335,27.9717190509748,ssp370,2041_2070,ensemble,maize
0,17,Valle,74.47457627118644,14.660399712685468,ssp370,2041_2070,ensemble,maize
0,18,Yoro,66.15170278637771,14.069439309635458,ssp370,2041_2070,ensemble,maize
0,01,Atlántida,47.083333333333336,19.642699614567956,ssp370,2051_2080,ensemble,banana
0,06,Choluteca,40.645161290322584,20.684077903968216,ssp370,2051_2080,ensemble,banana
0,02,Colon,34.61187214611872,14.758637921526562,ssp370,2051_2080,ensemble,banana
0,03,Comayagua,44.12,15.249118007281602,ssp370,2051_2080,ensemble,banana
0,04,Copán,41.414965986394556,12.40794321919696,ssp370,2051_2080,ensemble,banana
0,05,Cortés,43.832,14.52651974837745,ssp370,2051_2080,ensemble,banana
0,07,El Paraíso,39.8,13.441545726409277,ssp370,2051_2080,ensemble,banana
0,08,Francisco Morazán,41.60723514211886,15.28728337292262,ssp370,2051_2080,ensemble,banana
0,09,Gracias a Dios,49.68770764119601,26.0792712149687,ssp370,2051_2080,ensemble,banana
0,10,Intibucá,40.859375,11.537123758085245,ssp370,2051_2080,ensemble,banana
0,12,La Paz,41.36363636363637,13.253800328226461,ssp370,2051_2080,ensemble,banana
0,13,Lempira,43.67039106145251,14.242424836038259,ssp370,2051_2080,ensemble,banana
0,14,Ocotepeque,40.163636363636364,13.955466359900482,ssp370,2051_2080,ensemble,banana
0,15,Olancho,36.44722955145119,10.561379161436886,ssp370,2051_2080,ensemble,banana
0,16,Santa Bárbara,39.61333333333334,5.050570924822922,ssp370,2051_2080,ensemble,banana
0,17,Valle,47.507936507936506,21.18165799517451,ssp370,2051_2080,ensemble,banana
0,18,Yoro,42.4984520123839,13.089918748255563,ssp370,2051_2080,ensemble,banana
0,01,Atlántida,70.69158878504673,14.916848164341054,ssp370,2051_2080,ensemble,beans
0,06,Choluteca,49.04838709677419,17.289527645825014,ssp370,2051_2080,ensemble,beans
0,02,Colon,64.90454545454546,25.51746242144293,ssp370,2051_2080,ensemble,beans
0,03,Comayagua,70.73333333333333,10.220174451151301,ssp370,2051_2080,ensemble,beans
0,04,Copán,75.45454545454545,8.727199883145879,ssp370,2051_2080,ensemble,beans
0,05,Cortés,65.4014598540146,23.804698013288526,ssp370,2051_2080,ensemble,beans
0,07,El Paraíso,68.71428571428571,11.664919332375572,ssp370,2051_2080,ensemble,beans
0,08,Francisco Morazán,60.645077720207254,10.75111461237705,ssp370,2051_2080,ensemble,beans
0,09,Gracias a Dios,62.026490066225165,23.815779459352655,ssp370,2051_2080,ensemble,beans
0,10,Intibucá,53.6640625,10.887404809967054,ssp370,2051_2080,ensemble,beans
0,12,La Paz,57.627906976744185,4.58015565803301,ssp370,2051_2080,ensemble,beans
0,13,Lempira,59.167597765363126,11.103115488856165,ssp370,2051_2080,ensemble,beans
0,14,Ocotepeque,62.888888888888886,7.357703613841469,ssp370,2051_2080,ensemble,beans
0,15,Olancho,70.54089709762533,12.968310889312646,ssp370,2051_2080,ensemble,beans
0,16,Santa Bárbara,65.57777777777778,20.56565517651957,ssp370,2051_2080,ensemble,beans
0,17,Valle,46.111111111111114,15.77129310066297,ssp370,2051_2080,ensemble,beans
0,18,Yoro,73.05555555555556,12.037877463538184,ssp370,2051_2080,ensemble,beans
0,01,Atlántida,43.47747747747748,17.70623489049099,ssp370,2051_2080,ensemble,cassava
0,06,Choluteca,49.225433526011564,18.720056335522035,ssp370,2051_2080,ensemble,cassava
0,02,Colon,39.26130653266332,9.737358009570164,ssp370,2051_2080,ensemble,cassava
0,03,Comayagua,46.61734693877551,16.221096904895205,ssp370,2051_2080,ensemble,cassava
0,04,Copán,41.30344827586207,10.296517079647007,ssp370,2051_2080,ensemble,cassava
0,05,Cortés,37.0979020979021,17.980686874919762,ssp370,2051_2080,ensemble,cassava
0,07,El Paraíso,47.01215805471124,13.863638053715958,ssp370,2051_2080,ensemble,cassava
0,08,Francisco Morazán,43.700258397932814,16.034300279804736,ssp370,2051_2080,ensemble,cassava
0,09,Gracias a Dios,46.003311258278146,23.383287509050835,ssp370,2051_2080,ensemble,cassava
0,10,Intibucá,38.24409448818898,13.22412287279771,ssp370,2051_2080,ensemble,cassava
0,12,La Paz,41.73255813953488,14.003674284127081,ssp370,2051_2080,ensemble,cassava
0,13,Lempira,41.55113636363637,13.099171506748934,ssp370,2051_2080,ensemble,cassava
0,14,Ocotepeque,30.181818181818183,11.762947851145151,ssp370,2051_2080,ensemble,cassava
0,15,Olancho,40.67018469656992,10.635328825527722,ssp370,2051_2080,ensemble,cassava
0,16,Santa Bárbara,40.01777777777778,4.6264595961773765,ssp370,2051_2080,ensemble,cassava
0,17,Valle,55.31666666666667,20.051177576946003,ssp370,2051_2080,ensemble,cassava
0,18,Yoro,42.18518518518518,10.916474254579253,ssp370,2051_2080,ensemble,cassava
0,01,Atlántida,25.605263157894736,15.709879795095887,ssp370,2051_2080,ensemble,coffeearabica
0,06,Choluteca,19.801075268817204,10.784706362109043,ssp370,2051_2080,ensemble,coffeearabica
0,02,Colon,14.462222222222222,8.308477301029859,ssp370,2051_2080,ensemble,coffeearabica
0,03,Comayagua,36.82914572864322,17.066554755720894,ssp370,2051_2080,ensemble,coffeearabica
0,04,Copán,33.56551724137931,16.04468492640581,ssp370,2051_2080,ensemble,coffeearabica
0,05,Cortés,19.573426573426573,13.447899729686917,ssp370,2051_2080,ensemble,coffeearabica
0,07,El Paraíso,33.663636363636364,14.46329352202092,ssp370,2051_2080,ensemble,coffeearabica
0,08,Francisco Morazán,36.03359173126615,17.48477102649104,ssp370,2051_2080,ensemble,coffeearabica
0,09,Gracias a Dios,8.927152317880795,9.469084823117559,ssp370,2051_2080,ensemble,coffeearabica
0,10,Intibucá,35.3984375,17.12697974129104,ssp370,2051_2080,ensemble,coffeearabica
0,12,La Paz,38.42045454545455,19.867585289811487,ssp370,2051_2080,ensemble,coffeearabica
0,13,Lempira,39.53072625698324,21.82261921787613,ssp370,2051_2080,ensemble,coffeearabica
0,14,Ocotepeque,40.68518518518518,19.80069590441305,ssp370,2051_2080,ensemble,coffeearabica
0,15,Olancho,27.53034300791557,12.57750652279276,ssp370,2051_2080,ensemble,coffeearabica
0,16,Santa Bárbara,25.462222222222223,6.631885566928873,ssp370,2051_2080,ensemble,coffeearabica
0,17,Valle,17.73015873015873,10.423121960496104,ssp370,2051_2080,ensemble,coffeearabica
0,18,Yoro,29.97222222222222,13.917387428662973,ssp370,2051_2080,ensemble,coffeearabica
0,01,Atlántida,70.0,3.2679675106226864,ssp370,2051_2080,ensemble,maize
0,06,Choluteca,68.99450549450549,21.069611796114824,ssp370,2051_2080,ensemble,maize
0,02,Colon,71.62176165803109,9.18248744366349,ssp370,2051_2080,ensemble,maize
0,03,Comayagua,71.17171717171718,14.98318276395873,ssp370,2051_2080,ensemble,maize
0,04,Copán,75.5104895104895,5.945988990493071,ssp370,2051_2080,ensemble,maize
0,05,Cortés,71.6,15.704776343520464,ssp370,2051_2080,ensemble,maize
0,07,El Paraíso,65.7060606060606,9.093202236034225,ssp370,2051_2080,ensemble,maize
0,08,Francisco Morazán,71.37209302325581,10.337760817509217,ssp370,2051_2080,ensemble,maize
0,09,Gracias a Dios,77.33333333333333,16.306554010694708,ssp370,2051_2080,ensemble,maize
0,10,Intibucá,61.52755905511811,24.814215754091585,ssp370,2051_2080,ensemble,maize
0,12,La Paz,70.72093023255815,14.777930719284404,ssp370,2051_2080,ensemble,maize
0,13,Lempira,75.38068181818181,11.845476293760122,ssp370,2051_2080,ensemble,maize
0,14,Ocotepeque,74.98181818181818,10.831756189499481,ssp370,2051_2080,ensemble,maize
0,15,Olancho,63.20976253298153,16.086903167036677,ssp370,2051_2080,ensemble,maize
0,16,Santa Bárbara,60.71111111111111,27.981122384145763,ssp370,2051_2080,ensemble,maize
0,17,Valle,68.5079365079365,22.593630944008623,ssp370,2051_2080,ensemble,maize
0,18,Yoro,65.82352941176471,14.002536388602973,ssp370,2051_2080,ensemble,maize
0,01,Atlántida,45.13392857142857,21.08083741208821,ssp585,2021_2050,ensemble,banana
0,06,Choluteca,42.69892473118279,21.084206465614425,ssp585,2021_2050,ensemble,banana
0,02,Colon,37.38647342995169,12.726609144502195,ssp585,2021_2050,ensemble,banana
0,03,Comayagua,43.48,16.148981392025938,ssp585,2021_2050,ensemble,banana
0,04,Copán,38.7687074829932,11.582926696064625,ssp585,2021_2050,ensemble,banana
0,05,Cortés,43.77777777777778,15.072253962369823,ssp585,2021_2050,ensemble,banana
0,07,El Paraíso,44.76060606060606,15.630592369277267,ssp585,2021_2050,ensemble,banana
0,08,Francisco Morazán,40.96124031007752,15.457403217355262,ssp585,2021_2050,ensemble,banana
0,09,Gracias a Dios,49.06644518272425,25.727337935814628,ssp585,2021_2050,ensemble,banana
0,10,Intibucá,35.3359375,12.989946439308122,ssp585,2021_2050,ensemble,banana
0,12,La Paz,37.79545454545455,12.586210971200597,ssp585,2021_2050,ensemble,banana
0,13,Lempira,39.737430167597765,13.181301132331846,ssp585,2021_2050,ensemble,banana
0,14,Ocotepeque,32.21818181818182,12.906222472605867,ssp585,2021_2050,ensemble,banana
0,15,Olancho,38.67282321899736,11.322384264505795,ssp585,2021_2050,ensemble,banana
0,16,Santa Bárbara,39.58222222222222,5.368520958695292,ssp585,2021_2050,ensemble,banana
0,17,Valle,49.23809523809524,21.684398814065325,ssp585,2021_2050,ensemble,banana
0,18,Yoro,41.55108359133127,12.047880113717042,ssp585,2021_2050,ensemble,banana
0,01,Atlántida,72.91346153846153,9.00545836287325,ssp585,2021_2050,ensemble,beans
0,06,Choluteca,52.564516129032256,18.48389677042242,ssp585,2021_2050,ensemble,beans
0,02,Colon,68.38139534883722,24.48414062692518,ssp585,2021_2050,ensemble,beans
0,03,Comayagua,70.73333333333333,10.220174451151301,ssp585,2021_2050,ensemble,beans
0,04,Copán,75.45454545454545,8.727199883145879,ssp585,2021_2050,ensemble,beans
0,05,Cortés,73.152,13.43610419727385,ssp585,2021_2050,ensemble,beans
0,07,El Paraíso,70.43768996960486,12.187613005555356,ssp585,2021_2050,ensemble,beans
0,08,Francisco Morazán,61.421875,9.926245756463434,ssp585,2021_2050,ensemble,beans
0,09,Gracias a Dios,65.16225165562913,25.0280008534067,ssp585,2021_2050,ensemble,beans
0,10,Intibucá,54.1640625,10.981360161477891,ssp585,2021_2050,ensemble,beans
0,12,La Paz,57.74418604651163,4.600773561123774,ssp585,2021_2050,ensemble,beans
0,13,Lempira,60.67045454545455,7.8887457104597765,ssp585,2021_2050,ensemble,beans
0,14,Ocotepeque,62.888888888888886,7.357703613841469,ssp585,2021_2050,ensemble,beans
0,15,Olancho,73.49208443271768,13.385567608189007,ssp585,2021_2050,ensemble,beans
0,16,Santa Bárbara,65.57777777777778,20.56565517651957,ssp585,2021_2050,ensemble,beans
0,17,Valle,51.95238095238095,17.82937523625527,ssp585,2021_2050,ensemble,beans
0,18,Yoro,73.75541795665634,11.401167451298871,ssp585,2021_2050,ensemble,beans
0,01,Atlántida,42.77477477477478,17.251026701230593,ssp585,2021_2050,ensemble,cassava
0,06,Choluteca,48.8150289017341,19.29989681077801,ssp585,2021_2050,ensemble,cassava
0,02,Colon,36.720379146919434,12.951697059778905,ssp585,2021_2050,ensemble,cassava
0,03,Comayagua,42.94897959183673,18.248775440593707,ssp585,2021_2050,ensemble,cassava
0,04,Copán,32.265306122448976,9.26798786446923,ssp585,2021_2050,ensemble,cassava
0,05,Cortés,36.33566433566433,17.67932855413609,ssp585,2021_2050,ensemble,cassava
0,07,El Paraíso,45.84498480243161,14.593279694222666,ssp585,2021_2050,ensemble,cassava
0,08,Francisco Morazán,35.85271317829457,16.58496288601977,ssp585,2021_2050,ensemble,cassava
0,09,Gracias a Dios,43.920529801324506,22.21553754309317,ssp585,2021_2050,ensemble,cassava
0,10,Intibucá,32.00787401574803,14.75708614676973,ssp585,2021_2050,ensemble,cassava
0,12,La Paz,33.804597701149426,15.725255388134835,ssp585,2021_2050,ensemble,cassava
0,13,Lempira,33.65909090909091,13.29121921662805,ssp585,2021_2050,ensemble,cassava
0,14,Ocotepeque,21.12727272727273,7.417557906026498,ssp585,2021_2050,ensemble,cassava
0,15,Olancho,38.937994722955146,12.539125351492707,ssp585,2021_2050,ensemble,cassava
0,16,Santa Bárbara,37.72,5.2828275257353114,ssp585,2021_2050,ensemble,cassava
0,17,Valle,58.827586206896555,17.713367182222118,ssp585,2021_2050,ensemble,cassava
0,18,Yoro,36.68518518518518,11.078269365121985,ssp585,2021_2050,ensemble,cassava
0,01,Atlántida,29.587719298245613,18.331648121993148,ssp585,2021_2050,ensemble,coffeearabica
0,06,Choluteca,27.5,14.445392166317593,ssp585,2021_2050,ensemble,coffeearabica
0,02,Colon,18.42222222222222,9.839351579559136,ssp585,2021_2050,ensemble,coffeearabica
0,03,Comayagua,39.39698492462311,18.476338010715352,ssp585,2021_2050,ensemble,coffeearabica
0,04,Copán,35.48251748251748,15.698582692631417,ssp585,2021_2050,ensemble,coffeearabica
0,05,Cortés,24.006993006993007,15.660067475448995,ssp585,2021_2050,ensemble,coffeearabica
0,07,El Paraíso,36.38297872340426,14.791740145687431,ssp585,2021_2050,ensemble,coffeearabica
0,08,Francisco Morazán,39.59844559585492,18.00408409822483,ssp585,2021_2050,ensemble,coffeearabica
0,09,Gracias a Dios,3.142384105960265,6.36236801563458,ssp585,2021_2050,ensemble,coffeearabica
0,10,Intibucá,37.5546875,17.448499484979898,ssp585,2021_2050,ensemble,coffeearabica
0,12,La Paz,40.38636363636363,20.644959663417417,ssp585,2021_2050,ensemble,coffeearabica
0,13,Lempira,41.91620111731844,22.2680148672294,ssp585,2021_2050,ensemble,coffeearabica
0,14,Ocotepeque,40.236363636363635,20.53552455125121,ssp585,2021_2050,ensemble,coffeearabica
0,15,Olancho,30.423482849604223,13.217336001752209,ssp585,2021_2050,ensemble,coffeearabica
0,16,Santa Bárbara,28.084444444444443,7.120984811903339,ssp585,2021_2050,ensemble,coffeearabica
0,17,Valle,28.555555555555557,15.088919279021223,ssp585,2021_2050,ensemble,coffeearabica
0,18,Yoro,32.623456790123456,14.024456342579667,ssp585,2021_2050,ensemble,coffeearabica
0,01,Atlántida,69.52884615384616,7.5101940090289565,ssp585,2021_2050,ensemble,maize
0,06,Choluteca,73.17919075144509,14.545015849091367,ssp585,2021_2050,ensemble,maize
0,02,Colon,71.72020725388602,9.154089997788736,ssp585,2021_2050,ensemble,maize
0,03,Comayagua,71.63775510204081,13.053125478457314,ssp585,2021_2050,ensemble,maize
0,04,Copán,74.54166666666667,8.441691345801372,ssp585,2021_2050,ensemble,maize
0,05,Cortés,71.6,15.704776343520464,ssp585,2021_2050,ensemble,maize
0,07,El Paraíso,67.33130699088146,8.32779933456735,ssp585,2021_2050,ensemble,maize
0,08,Francisco Morazán,71.65116279069767,10.394530833940362,ssp585,2021_2050,ensemble,maize
0,09,Gracias a Dios,77.33333333333333,16.306554010694708,ssp585,2021_2050,ensemble,maize
0,10,Intibucá,59.976377952755904,24.8175910963505,ssp585,2021_2050,ensemble,maize
0,12,La Paz,68.66666666666667,16.384508148848823,ssp585,2021_2050,ensemble,maize
0,13,Lempira,73.86363636363636,12.014841029271992,ssp585,2021_2050,ensemble,maize
0,14,Ocotepeque,71.94545454545455,10.417499581025243,ssp585,2021_2050,ensemble,maize
0,15,Olancho,64.7981530343008,16.48378580538766,ssp585,2021_2050,ensemble,maize
0,16,Santa Bárbara,60.635555555555555,27.942966958952944,ssp585,2021_2050,ensemble,maize
0,17,Valle,74.50847457627118,14.71926315555823,ssp585,2021_2050,ensemble,maize
0,18,Yoro,65.79256965944272,14.046043499110121,ssp585,2021_2050,ensemble,maize
0,01,Atlántida,45.36607142857143,21.119978496892077,ssp585,2031_2060,ensemble,banana
0,06,Choluteca,41.67204301075269,20.873015277957546,ssp585,2031_2060,ensemble,banana
0,02,Colon,37.38164251207729,12.711752377618263,ssp585,2031_2060,ensemble,banana
0,03,Comayagua,44.11,15.766036280562087,ssp585,2031_2060,ensemble,banana
0,04,Copán,40.57142857142857,12.051476890327393,ssp585,2031_2060,ensemble,banana
0,05,Cortés,44.168,14.619841859609837,ssp585,2031_2060,ensemble,banana
0,07,El Paraíso,43.93030303030303,15.277969578894545,ssp585,2031_2060,ensemble,banana
0,08,Francisco Morazán,42.10077519379845,15.399341387259017,ssp585,2031_2060,ensemble,banana
0,09,Gracias a Dios,49.14950166112957,25.7896082773759,ssp585,2031_2060,ensemble,banana
0,10,Intibucá,37.7265625,12.001116382803467,ssp585,2031_2060,ensemble,banana
0,12,La Paz,39.78409090909091,12.566594302171607,ssp585,2031_2060,ensemble,banana
0,13,Lempira,41.74860335195531,13.540274530533841,ssp585,2031_2060,ensemble,banana
0,14,Ocotepeque,35.78181818181818,13.663076865094757,ssp585,2031_2060,ensemble,banana
0,15,Olancho,38.77704485488127,11.10737475071717,ssp585,2031_2060,ensemble,banana
0,16,Santa Bárbara,40.013333333333335,5.226836731927086,ssp585,2031_2060,ensemble,banana
0,17,Valle,48.333333333333336,21.42539659020619,ssp585,2031_2060,ensemble,banana
0,18,Yoro,42.26315789473684,12.318355954967107,ssp585,2031_2060,ensemble,banana
0,01,Atlántida,72.91346153846153,9.00545836287325,ssp585,2031_2060,ensemble,beans
0,06,Choluteca,51.03225806451613,17.92964243081394,ssp585,2031_2060,ensemble,beans
0,02,Colon,68.02325581395348,24.353681133424423,ssp585,2031_2060,ensemble,beans
0,03,Comayagua,70.72820512820513,10.226309676464332,ssp585,2031_2060,ensemble,beans
0,04,Copán,75.45454545454545,8.727199883145879,ssp585,2031_2060,ensemble,beans
0,05,Cortés,73.152,13.43610419727385,ssp585,2031_2060,ensemble,beans
0,07,El Paraíso,70.1823708206687,12.230692588227374,ssp585,2031_2060,ensemble,beans
0,08,Francisco Morazán,60.689119170984455,10.91235624937435,ssp585,2031_2060,ensemble,beans
0,09,Gracias a Dios,64.0364238410596,24.6145517275353,ssp585,2031_2060,ensemble,beans
0,10,Intibucá,54.03125,10.952980116730789,ssp585,2031_2060,ensemble,beans
0,12,La Paz,57.74418604651163,4.600773561123774,ssp585,2031_2060,ensemble,beans
0,13,Lempira,60.66477272727273,7.890306765737186,ssp585,2031_2060,ensemble,beans
0,14,Ocotepeque,62.888888888888886,7.357703613841469,ssp585,2031_2060,ensemble,beans
0,15,Olancho,72.63456464379948,13.272353792988014,ssp585,2031_2060,ensemble,beans
0,16,Santa Bárbara,65.57777777777778,20.56565517651957,ssp585,2031_2060,ensemble,beans
0,17,Valle,49.523809523809526,16.95920141019781,ssp585,2031_2060,ensemble,beans
0,18,Yoro,73.69349845201238,11.388258625007579,ssp585,2031_2060,ensemble,beans
0,01,Atlántida,42.909909909909906,17.33067350497458,ssp585,2031_2060,ensemble,cassava
0,06,Choluteca,49.3121387283237,18.773543139627012,ssp585,2031_2060,ensemble,cassava
0,02,Colon,36.73933649289099,13.002490375226685,ssp585,2031_2060,ensemble,cassava
0,03,Comayagua,44.79081632653061,17.632360016225118,ssp585,2031_2060,ensemble,cassava
0,04,Copán,36.46258503401361,10.313634136419232,ssp585,2031_2060,ensemble,cassava
0,05,Cortés,36.55944055944056,17.77663366844609,ssp585,2031_2060,ensemble,cassava
0,07,El Paraíso,47.89969604863222,14.485889787897989,ssp585,2031_2060,ensemble,cassava
0,08,Francisco Morazán,39.47545219638243,16.669807207665542,ssp585,2031_2060,ensemble,cassava
0,09,Gracias a Dios,44.83112582781457,22.707788684599656,ssp585,2031_2060,ensemble,cassava
0,10,Intibucá,34.13385826771653,14.355641545012482,ssp585,2031_2060,ensemble,cassava
0,12,La Paz,36.60919540229885,15.093087648156072,ssp585,2031_2060,ensemble,cassava
0,13,Lempira,36.55681818181818,13.507874769375231,ssp585,2031_2060,ensemble,cassava
0,14,Ocotepeque,23.69090909090909,8.821199108908509,ssp585,2031_2060,ensemble,cassava
0,15,Olancho,40.294195250659634,11.955137912438014,ssp585,2031_2060,ensemble,cassava
0,16,Santa Bárbara,39.004444444444445,5.071486985777799,ssp585,2031_2060,ensemble,cassava
0,17,Valle,56.91525423728814,18.935473064848438,ssp585,2031_2060,ensemble,cassava
0,18,Yoro,38.98765432098765,10.664923268591783,ssp585,2031_2060,ensemble,cassava
0,01,Atlántida,28.342105263157894,17.288485645618135,ssp585,2031_2060,ensemble,coffeearabica
0,06,Choluteca,24.537634408602152,12.99260264289782,ssp585,2031_2060,ensemble,coffeearabica
0,02,Colon,16.946666666666665,9.161115895154063,ssp585,2031_2060,ensemble,coffeearabica
0,03,Comayagua,38.34170854271357,17.961539566906428,ssp585,2031_2060,ensemble,coffeearabica
0,04,Copán,35.17482517482517,15.806219314731154,ssp585,2031_2060,ensemble,coffeearabica
0,05,Cortés,22.65034965034965,14.780566877505137,ssp585,2031_2060,ensemble,coffeearabica
0,07,El Paraíso,35.68181818181818,14.886193614573825,ssp585,2031_2060,ensemble,coffeearabica
0,08,Francisco Morazán,38.76485788113695,17.91262183058179,ssp585,2031_2060,ensemble,coffeearabica
0,09,Gracias a Dios,4.748344370860927,7.750854294334576,ssp585,2031_2060,ensemble,coffeearabica
0,10,Intibucá,36.859375,17.370833302100824,ssp585,2031_2060,ensemble,coffeearabica
0,12,La Paz,39.61363636363637,20.25823727983139,ssp585,2031_2060,ensemble,coffeearabica
0,13,Lempira,41.09497206703911,22.162854004503078,ssp585,2031_2060,ensemble,coffeearabica
0,14,Ocotepeque,40.7962962962963,19.95028973114558,ssp585,2031_2060,ensemble,coffeearabica
0,15,Olancho,29.46306068601583,12.96130152932367,ssp585,2031_2060,ensemble,coffeearabica
0,16,Santa Bárbara,27.32888888888889,6.87916733405116,ssp585,2031_2060,ensemble,coffeearabica
0,17,Valle,23.841269841269842,13.064196011814971,ssp585,2031_2060,ensemble,coffeearabica
0,18,Yoro,31.771604938271604,14.025010592350052,ssp585,2031_2060,ensemble,coffeearabica
0,01,Atlántida,69.54807692307692,7.516494436202787,ssp585,2031_2060,ensemble,maize
0,06,Choluteca,70.6145251396648,19.421580209837032,ssp585,2031_2060,ensemble,maize
0,02,Colon,71.69948186528498,9.162485450351857,ssp585,2031_2060,ensemble,maize
0,03,Comayagua,70.61306532663316,15.746293498645361,ssp585,2031_2060,ensemble,maize
0,04,Copán,75.47552447552448,5.93417525135015,ssp585,2031_2060,ensemble,maize
0,05,Cortés,71.6,15.704776343520464,ssp585,2031_2060,ensemble,maize
0,07,El Paraíso,66.88449848024317,8.359260547831527,ssp585,2031_2060,ensemble,maize
0,08,Francisco Morazán,71.55038759689923,10.3536643505014,ssp585,2031_2060,ensemble,maize
0,09,Gracias a Dios,77.33333333333333,16.306554010694708,ssp585,2031_2060,ensemble,maize
0,10,Intibucá,60.69291338582677,24.854699586037707,ssp585,2031_2060,ensemble,maize
0,12,La Paz,69.83720930232558,14.611926050650574,ssp585,2031_2060,ensemble,maize
0,13,Lempira,74.69886363636364,11.858311185123418,ssp585,2031_2060,ensemble,maize
0,14,Ocotepeque,73.27272727272727,10.628357515207814,ssp585,2031_2060,ensemble,maize
0,15,Olancho,64.43403693931398,16.350231851331742,ssp585,2031_2060,ensemble,maize
0,16,Santa Bárbara,60.68,27.96465705930335,ssp585,2031_2060,ensemble,maize
0,17,Valle,71.21311475409836,19.40264875791182,ssp585,2031_2060,ensemble,maize
0,18,Yoro,65.77708978328174,14.014582240282724,ssp585,2031_2060,ensemble,maize
0,01,Atlántida,46.65137614678899,20.06108842382242,ssp585,2041_2070,ensemble,banana
0,06,Choluteca,39.645161290322584,20.453537781266213,ssp585,2041_2070,ensemble,banana
0,02,Colon,35.63084112149533,14.036973281967978,ssp585,2041_2070,ensemble,banana
0,03,Comayagua,44.155,15.271901486062566,ssp585,2041_2070,ensemble,banana
0,04,Copán,41.45578231292517,12.401026560818911,ssp585,2041_2070,ensemble,banana
0,05,Cortés,43.864,14.538965025062822,ssp585,2041_2070,ensemble,banana
0,07,El Paraíso,40.087878787878786,13.887475446903153,ssp585,2041_2070,ensemble,banana
0,08,Francisco Morazán,41.31782945736434,15.410314591387827,ssp585,2041_2070,ensemble,banana
0,09,Gracias a Dios,49.72757475083056,26.10607426227217,ssp585,2041_2070,ensemble,banana
0,10,Intibucá,40.515625,11.398317018725834,ssp585,2041_2070,ensemble,banana
0,12,La Paz,40.76136363636363,13.020084413723891,ssp585,2041_2070,ensemble,banana
0,13,Lempira,43.36871508379888,14.17245436030049,ssp585,2041_2070,ensemble,banana
0,14,Ocotepeque,39.30909090909091,13.941269965984548,ssp585,2041_2070,ensemble,banana
0,15,Olancho,37.1622691292876,10.651658912822716,ssp585,2041_2070,ensemble,banana
0,16,Santa Bárbara,39.635555555555555,5.067594456963473,ssp585,2041_2070,ensemble,banana
0,17,Valle,46.57142857142857,20.79202707824987,ssp585,2041_2070,ensemble,banana
0,18,Yoro,42.71207430340557,13.020372571060163,ssp585,2041_2070,ensemble,banana
0,01,Atlántida,70.86915887850468,14.95668769377599,ssp585,2041_2070,ensemble,beans
0,06,Choluteca,48.956989247311824,17.239560642615636,ssp585,2041_2070,ensemble,beans
0,02,Colon,65.57272727272728,25.766948205689992,ssp585,2041_2070,ensemble,beans
0,03,Comayagua,70.72820512820513,10.226309676464332,ssp585,2041_2070,ensemble,beans
0,04,Copán,75.45454545454545,8.727199883145879,ssp585,2041_2070,ensemble,beans
0,05,Cortés,66.3970588235294,23.41074395498681,ssp585,2041_2070,ensemble,beans
0,07,El Paraíso,68.45896656534954,11.973336137573346,ssp585,2041_2070,ensemble,beans
0,08,Francisco Morazán,59.6124031007752,11.008789120260108,ssp585,2041_2070,ensemble,beans
0,09,Gracias a Dios,62.43046357615894,23.98150775815886,ssp585,2041_2070,ensemble,beans
0,10,Intibucá,53.6640625,10.887404809967054,ssp585,2041_2070,ensemble,beans
0,12,La Paz,57.627906976744185,4.58015565803301,ssp585,2041_2070,ensemble,beans
0,13,Lempira,59.61797752808989,10.185366919281497,ssp585,2041_2070,ensemble,beans
0,14,Ocotepeque,62.888888888888886,7.357703613841469,ssp585,2041_2070,ensemble,beans
0,15,Olancho,70.61213720316623,12.981820469975869,ssp585,2041_2070,ensemble,beans
0,16,Santa Bárbara,65.57777777777778,20.56565517651957,ssp585,2041_2070,ensemble,beans
0,17,Valle,46.111111111111114,15.77129310066297,ssp585,2041_2070,ensemble,beans
0,18,Yoro,72.99382716049382,12.039542316051845,ssp585,2041_2070,ensemble,beans
0,01,Atlántida,43.4054054054054,17.63870558588573,ssp585,2041_2070,ensemble,cassava
0,06,Choluteca,48.64942528735632,18.937831586191347,ssp585,2041_2070,ensemble,cassava
0,02,Colon,38.240196078431374,11.309641555699987,ssp585,2041_2070,ensemble,cassava
0,03,Comayagua,46.36734693877551,16.280630632060685,ssp585,2041_2070,ensemble,cassava
0,04,Copán,40.51724137931034,10.178478612875821,ssp585,2041_2070,ensemble,cassava
0,05,Cortés,37.07692307692308,17.977871760862765,ssp585,2041_2070,ensemble,cassava
0,07,El Paraíso,47.13677811550152,13.932189770739923,ssp585,2041_2070,ensemble,cassava
0,08,Francisco Morazán,42.57364341085271,16.178322431566183,ssp585,2041_2070,ensemble,cassava
0,09,Gracias a Dios,46.0364238410596,23.425844626877605,ssp585,2041_2070,ensemble,cassava
0,10,Intibucá,37.52755905511811,13.281226328240384,ssp585,2041_2070,ensemble,cassava
0,12,La Paz,39.59090909090909,14.771468477837114,ssp585,2041_2070,ensemble,cassava
0,13,Lempira,40.59659090909091,13.119286192330778,ssp585,2041_2070,ensemble,cassava
0,14,Ocotepeque,28.654545454545456,11.040780904229855,ssp585,2041_2070,ensemble,cassava
0,15,Olancho,40.689973614775724,10.867646047151332,ssp585,2041_2070,ensemble,cassava
0,16,Santa Bárbara,39.91555555555556,4.72223843134473,ssp585,2041_2070,ensemble,cassava
0,17,Valle,54.8,19.921345336096152,ssp585,2041_2070,ensemble,cassava
0,18,Yoro,41.620370370370374,10.525147070254178,ssp585,2041_2070,ensemble,cassava
0,01,Atlántida,26.19298245614035,16.008154277919022,ssp585,2041_2070,ensemble,coffeearabica
0,06,Choluteca,19.99462365591398,11.095139549936208,ssp585,2041_2070,ensemble,coffeearabica
0,02,Colon,15.084444444444445,8.424671587547179,ssp585,2041_2070,ensemble,coffeearabica
0,03,Comayagua,37.15075376884422,17.258815733918713,ssp585,2041_2070,ensemble,coffeearabica
0,04,Copán,33.83448275862069,16.029289481576704,ssp585,2041_2070,ensemble,coffeearabica
0,05,Cortés,20.3986013986014,13.661307650266968,ssp585,2041_2070,ensemble,coffeearabica
0,07,El Paraíso,33.21818181818182,14.7362972723909,ssp585,2041_2070,ensemble,coffeearabica
0,08,Francisco Morazán,35.54521963824289,17.75340405953498,ssp585,2041_2070,ensemble,coffeearabica
0,09,Gracias a Dios,9.433774834437086,9.858296586045661,ssp585,2041_2070,ensemble,coffeearabica
0,10,Intibucá,35.7265625,17.191347225671226,ssp585,2041_2070,ensemble,coffeearabica
0,12,La Paz,38.36363636363637,19.86041163755734,ssp585,2041_2070,ensemble,coffeearabica
0,13,Lempira,39.93854748603352,21.863252506905418,ssp585,2041_2070,ensemble,coffeearabica
0,14,Ocotepeque,40.68518518518518,19.80069590441305,ssp585,2041_2070,ensemble,coffeearabica
0,15,Olancho,28.00131926121372,12.637789307318448,ssp585,2041_2070,ensemble,coffeearabica
0,16,Santa Bárbara,26.004444444444445,6.681648351369446,ssp585,2041_2070,ensemble,coffeearabica
0,17,Valle,18.476190476190474,10.89758549470994,ssp585,2041_2070,ensemble,coffeearabica
0,18,Yoro,30.55246913580247,13.878007740365328,ssp585,2041_2070,ensemble,coffeearabica
0,01,Atlántida,69.40384615384616,7.540300992218708,ssp585,2041_2070,ensemble,maize
0,06,Choluteca,67.27027027027027,22.444223537409894,ssp585,2041_2070,ensemble,maize
0,02,Colon,71.6839378238342,9.157719982110478,ssp585,2041_2070,ensemble,maize
0,03,Comayagua,70.83333333333333,14.962157652429733,ssp585,2041_2070,ensemble,maize
0,04,Copán,75.5034965034965,5.941291006457631,ssp585,2041_2070,ensemble,maize
0,05,Cortés,71.6,15.704776343520464,ssp585,2041_2070,ensemble,maize
0,07,El Paraíso,65.47878787878788,8.914467559203718,ssp585,2041_2070,ensemble,maize
0,08,Francisco Morazán,70.89922480620154,10.263085775322777,ssp585,2041_2070,ensemble,maize
0,09,Gracias a Dios,77.33333333333333,16.306554010694708,ssp585,2041_2070,ensemble,maize
0,10,Intibucá,61.23622047244095,24.915117850939318,ssp585,2041_2070,ensemble,maize
0,12,La Paz,68.44318181818181,17.878922299828528,ssp585,2041_2070,ensemble,maize
0,13,Lempira,75.24431818181819,11.827475312271707,ssp585,2041_2070,ensemble,maize
0,14,Ocotepeque,74.72727272727273,10.781220280830999,ssp585,2041_2070,ensemble,maize
0,15,Olancho,63.28627968337731,16.08424708729162,ssp585,2041_2070,ensemble,maize
0,16,Santa Bárbara,60.71111111111111,27.981122384145763,ssp585,2041_2070,ensemble,maize
0,17,Valle,67.88888888888889,22.38629903489449,ssp585,2041_2070,ensemble,maize
0,18,Yoro,65.46749226006192,13.942652188805027,ssp585,2041_2070,ensemble,maize
0,01,Atlántida,46.71296296296296,19.762970858319264,ssp585,2051_2080,ensemble,banana
0,06,Choluteca,35.456989247311824,20.083716711726286,ssp585,2051_2080,ensemble,banana
0,02,Colon,34.11363636363637,14.760536928351325,ssp585,2051_2080,ensemble,banana
0,03,Comayagua,43.39,14.809047909977195,ssp585,2051_2080,ensemble,banana
0,04,Copán,40.82312925170068,11.989054350589509,ssp585,2051_2080,ensemble,banana
0,05,Cortés,41.20610687022901,16.78454285158432,ssp585,2051_2080,ensemble,banana
0,07,El Paraíso,32.587878787878786,11.918149072680746,ssp585,2051_2080,ensemble,banana
0,08,Francisco Morazán,36.54780361757106,15.91189125432924,ssp585,2051_2080,ensemble,banana
0,09,Gracias a Dios,50.88255033557047,26.063995149635403,ssp585,2051_2080,ensemble,banana
0,10,Intibucá,41.4140625,11.444517890505207,ssp585,2051_2080,ensemble,banana
0,12,La Paz,39.59090909090909,13.329424358126209,ssp585,2051_2080,ensemble,banana
0,13,Lempira,43.22346368715084,14.12574444619808,ssp585,2051_2080,ensemble,banana
0,14,Ocotepeque,42.03636363636364,14.512644814234662,ssp585,2051_2080,ensemble,banana
0,15,Olancho,32.66094986807388,10.25157585647311,ssp585,2051_2080,ensemble,banana
0,16,Santa Bárbara,39.12444444444444,5.052838830490597,ssp585,2051_2080,ensemble,banana
0,17,Valle,41.73015873015873,19.381062880747876,ssp585,2051_2080,ensemble,banana
0,18,Yoro,41.611111111111114,12.913888590138855,ssp585,2051_2080,ensemble,banana
0,01,Atlántida,69.28440366972477,17.534287115374557,ssp585,2051_2080,ensemble,beans
0,06,Choluteca,46.01075268817204,16.627153994929348,ssp585,2051_2080,ensemble,beans
0,02,Colon,64.06363636363636,25.19623971682617,ssp585,2051_2080,ensemble,beans
0,03,Comayagua,69.26262626262626,13.31065181306322,ssp585,2051_2080,ensemble,beans
0,04,Copán,75.4055944055944,8.705948261745672,ssp585,2051_2080,ensemble,beans
0,05,Cortés,64.98540145985402,23.624799972569914,ssp585,2051_2080,ensemble,beans
0,07,El Paraíso,66.4969696969697,11.805814819170097,ssp585,2051_2080,ensemble,beans
0,08,Francisco Morazán,58.68733850129199,10.865535675991486,ssp585,2051_2080,ensemble,beans
0,09,Gracias a Dios,59.79139072847682,22.975069818505713,ssp585,2051_2080,ensemble,beans
0,10,Intibucá,53.2578125,10.903157580024411,ssp585,2051_2080,ensemble,beans
0,12,La Paz,56.40229885057471,7.5710576708618404,ssp585,2051_2080,ensemble,beans
0,13,Lempira,58.85474860335196,11.170147632021578,ssp585,2051_2080,ensemble,beans
0,14,Ocotepeque,62.888888888888886,7.357703613841469,ssp585,2051_2080,ensemble,beans
0,15,Olancho,68.12532981530343,12.650940586155674,ssp585,2051_2080,ensemble,beans
0,16,Santa Bárbara,65.57777777777778,20.56565517651957,ssp585,2051_2080,ensemble,beans
0,17,Valle,42.17460317460318,14.529160259918761,ssp585,2051_2080,ensemble,beans
0,18,Yoro,72.22222222222223,11.973994455062877,ssp585,2051_2080,ensemble,beans
0,01,Atlántida,44.28181818181818,17.580532527968035,ssp585,2051_2080,ensemble,cassava
0,06,Choluteca,46.45454545454545,19.167271519980645,ssp585,2051_2080,ensemble,cassava
0,02,Colon,39.474747474747474,9.352624472958945,ssp585,2051_2080,ensemble,cassava
0,03,Comayagua,47.111111111111114,15.843865007042684,ssp585,2051_2080,ensemble,cassava
0,04,Copán,43.77622377622377,10.355512420367509,ssp585,2051_2080,ensemble,cassava
0,05,Cortés,39.02189781021898,16.694099291152007,ssp585,2051_2080,ensemble,cassava
0,07,El Paraíso,44.81818181818182,13.582641652858712,ssp585,2051_2080,ensemble,cassava
0,08,Francisco Morazán,44.60206718346253,15.24161296426964,ssp585,2051_2080,ensemble,cassava
0,09,Gracias a Dios,47.27814569536424,24.144065109365137,ssp585,2051_2080,ensemble,cassava
0,10,Intibucá,41.3671875,12.608820755322194,ssp585,2051_2080,ensemble,cassava
0,12,La Paz,43.09090909090909,14.740664506142341,ssp585,2051_2080,ensemble,cassava
0,13,Lempira,44.49152542372882,13.957206041967757,ssp585,2051_2080,ensemble,cassava
0,14,Ocotepeque,35.58181818181818,12.941393642938445,ssp585,2051_2080,ensemble,cassava
0,15,Olancho,40.04089709762533,10.090208699341717,ssp585,2051_2080,ensemble,cassava
0,16,Santa Bárbara,40.18222222222222,4.394708378083245,ssp585,2051_2080,ensemble,cassava
0,17,Valle,50.63492063492063,22.00526746990985,ssp585,2051_2080,ensemble,cassava
0,18,Yoro,43.8328173374613,11.300150980692631,ssp585,2051_2080,ensemble,cassava
0,01,Atlántida,23.2,14.534038009774338,ssp585,2051_2080,ensemble,coffeearabica
0,06,Choluteca,13.408602150537634,8.832048872901957,ssp585,2051_2080,ensemble,coffeearabica
0,02,Colon,12.688888888888888,7.6158379482707605,ssp585,2051_2080,ensemble,coffeearabica
0,03,Comayagua,35.185929648241206,16.459806473980176,ssp585,2051_2080,ensemble,coffeearabica
0,04,Copán,31.972789115646258,15.956976841115887,ssp585,2051_2080,ensemble,coffeearabica
0,05,Cortés,17.426573426573427,12.515439142512069,ssp585,2051_2080,ensemble,coffeearabica
0,07,El Paraíso,22.490909090909092,12.11891493383602,ssp585,2051_2080,ensemble,coffeearabica
0,08,Francisco Morazán,30.175710594315245,19.257942532712235,ssp585,2051_2080,ensemble,coffeearabica
0,09,Gracias a Dios,13.708609271523178,8.790866274375569,ssp585,2051_2080,ensemble,coffeearabica
0,10,Intibucá,33.7734375,16.808300982954634,ssp585,2051_2080,ensemble,coffeearabica
0,12,La Paz,36.60227272727273,19.426750402430848,ssp585,2051_2080,ensemble,coffeearabica
0,13,Lempira,38.08379888268156,21.566804491151483,ssp585,2051_2080,ensemble,coffeearabica
0,14,Ocotepeque,39.27272727272727,20.473001774358654,ssp585,2051_2080,ensemble,coffeearabica
0,15,Olancho,23.686015831134565,11.575909372224052,ssp585,2051_2080,ensemble,coffeearabica
0,16,Santa Bárbara,24.26222222222222,6.482636256917874,ssp585,2051_2080,ensemble,coffeearabica
0,17,Valle,12.46031746031746,8.362473616017214,ssp585,2051_2080,ensemble,coffeearabica
0,18,Yoro,28.688271604938272,13.872158304495958,ssp585,2051_2080,ensemble,coffeearabica
0,01,Atlántida,69.17307692307692,7.599901704440641,ssp585,2051_2080,ensemble,maize
0,06,Choluteca,65.45161290322581,22.365976526874338,ssp585,2051_2080,ensemble,maize
0,02,Colon,70.28571428571429,12.626098659005432,ssp585,2051_2080,ensemble,maize
0,03,Comayagua,69.94472361809045,15.661685790745361,ssp585,2051_2080,ensemble,maize
0,04,Copán,73.79310344827586,10.4147750165076,ssp585,2051_2080,ensemble,maize
0,05,Cortés,71.6,15.704776343520464,ssp585,2051_2080,ensemble,maize
0,07,El Paraíso,64.7090909090909,8.890252191138256,ssp585,2051_2080,ensemble,maize
0,08,Francisco Morazán,70.30490956072352,10.215256952432663,ssp585,2051_2080,ensemble,maize
0,09,Gracias a Dios,77.33333333333333,16.306554010694708,ssp585,2051_2080,ensemble,maize
0,10,Intibucá,61.40944881889764,24.709128132777696,ssp585,2051_2080,ensemble,maize
0,12,La Paz,68.22727272727273,17.83110616611987,ssp585,2051_2080,ensemble,maize
0,13,Lempira,73.58659217877096,15.045073400889445,ssp585,2051_2080,ensemble,maize
0,14,Ocotepeque,75.52727272727273,10.776834660012938,ssp585,2051_2080,ensemble,maize
0,15,Olancho,62.0844327176781,15.942037007214745,ssp585,2051_2080,ensemble,maize
0,16,Santa Bárbara,60.68,27.960365599262907,ssp585,2051_2080,ensemble,maize
0,17,Valle,66.28571428571429,21.834462763538188,ssp585,2051_2080,ensemble,maize
0,18,Yoro,64.91640866873065,13.993003894810167,ssp585,2051_2080,ensemble,maize
